block,timestamp,datetime,sqrtPriceX96,tick,price,liquidity,observationIndex,observationCardinality,observationCardinalityNext,feeProtocol,unlocked,price_change,price_change_pct,liquidity_change,liquidity_change_pct,time_diff_seconds,est_volatility_daily,daily_volume_usd,daily_volume_token0,daily_volume_token1,tvl_usd,fees_usd
21714243,1737961415,2025-01-27 15:03:35,86428814066904950429669642523,1739,1.1900300832947175,8415658585412557431693965,103,180,180,0,True,,,,,,,,,,,
21715243,1737973427,2025-01-27 18:23:47,86422749936960627420611760703,1738,1.189863096301454,16350095654537979187585,112,180,180,0,True,-0.00016698699326345157,-0.014032165708040872,-8399308489758019452506380,-99.80571816823844,12012.0,0.03763343965566653,,,,,
21716243,1737985511,2025-01-27 21:45:11,86436351712520981591326525695,1741,1.1902376625906934,13416100549873829681296279,125,180,180,0,True,0.0003745662892393753,0.03147978035487187,13399750454219291702108694,81955.18079736849,12084.0,0.08417501576844348,,,,,
21717243,1737997583,2025-01-28 01:06:23,86463700447345211582051756124,1747,1.1909909716618143,4311176396496522628824430,129,180,180,0,True,0.0007533090711209223,0.06329064310410543,-9104924153377307052471849,-67.8656523147699,12072.0,0.16931941779127968,51242427.85649451,13529.196891632868,16113.294084394161,19604163.89359149,5124.2427856494505
21718243,1738009643,2025-01-28 04:27:23,86459173354499880835859920468,1746,1.1908662583884306,4429880564213894410476893,136,180,180,0,True,-0.00012471327338370308,-0.010471386966912778,118704167717371781652463,2.7534054930769414,12060.0,0.028027697815798447,51242427.85649451,13529.196891632868,16113.294084394161,19604163.89359149,5124.2427856494505
21719243,1738021679,2025-01-28 07:47:59,86453792341372925168095826746,1745,1.1907180296393274,4429880564213894410476893,139,180,180,0,True,-0.0001482287491032519,-0.012447136532682196,0,0.0,12036.0,0.033349185777754024,51242427.85649451,13529.196891632868,16113.294084394161,19604163.89359149,5124.2427856494505
21720243,1738033727,2025-01-28 11:08:47,86453344551752030777380891861,1745,1.1907056949625063,11584152569016175259695379,144,180,180,0,True,-1.2334676821046386e-05,-0.0010359024146785283,7154272004802280849218486,161.5003362076387,12048.0,0.002774075247320055,51242427.85649451,13529.196891632868,16113.294084394161,19604163.89359149,5124.2427856494505
21721243,1738045835,2025-01-28 14:30:35,86451565834919987216765586965,1745,1.1906566996000905,11584152569016175259695379,144,180,180,0,True,-4.899536241587121e-05,-0.004114817172971866,0,0.0,12108.0,0.01099186051873459,51242427.85649451,13529.196891632868,16113.294084394161,19604163.89359149,5124.2427856494505
21722243,1738057883,2025-01-28 17:51:23,86449656244107919012371398215,1744,1.190604100391252,11584152569016175259695379,147,180,180,0,True,-5.2599208838488565e-05,-0.00441766370240517,0,0.0,12048.0,0.011830198823920618,51242427.85649451,13529.196891632868,16113.294084394161,19604163.89359149,5124.2427856494505
21723243,1738069943,2025-01-28 21:12:23,86455155163618349901300852170,1745,1.1907555699198626,11586313419133161595079518,154,180,180,0,True,0.00015146952861067042,0.01272207348865127,2160850116986335384139,0.018653501877780025,12060.0,0.03405188180486316,51242427.85649451,13529.196891632868,16113.294084394161,19604163.89359149,5124.2427856494505
21724243,1738082051,2025-01-29 00:34:11,86462513605424663373680809996,1747,1.1909582756679225,4359020964659422837033374,156,180,180,0,True,0.000202705748059806,0.017023287833408837,-7227292454473738758046144,-62.37784352129544,12108.0,0.04547409947255532,20824414.097098444,5600.720132228119,6672.869775472659,20050343.46280558,2082.4414097098447
21725243,1738094087,2025-01-29 03:54:47,86476509062794639087992129560,1750,1.1913438613763256,3013783946914022040826212,167,180,180,0,True,0.00038558570840319106,0.032376088758184575,-1345237017745400796207162,-30.860989856480455,12036.0,0.0867441435963012,20824414.097098444,5600.720132228119,6672.869775472659,20050343.46280558,2082.4414097098447
21726243,1738106135,2025-01-29 07:15:35,86467234204364486025759172130,1748,1.1910883248560011,3625224760801889219886717,170,180,180,0,True,-0.00025553652032450636,-0.021449434425195448,611440813887867179060505,20.288143564967715,12048.0,0.05744010658225441,20824414.097098444,5600.720132228119,6672.869775472659,20050343.46280558,2082.4414097098447
21727243,1738118231,2025-01-29 10:37:11,86466993495554957320114531346,1748,1.1910816933254271,3625224760801889219886717,170,180,180,0,True,-6.6315305740083375e-06,-0.0005567622850144273,0,0.0,12096.0,0.0014880097974295503,20824414.097098444,5600.720132228119,6672.869775472659,20050343.46280558,2082.4414097098447
21728243,1738130255,2025-01-29 13:57:35,86470217364158050432551226463,1749,1.1911705124760315,3624753621108009316160046,174,180,180,0,True,8.881915060432455e-05,0.0074570158455166,-471139693879903726671,-0.012996151272443838,12024.0,0.019989293898607995,20824414.097098444,5600.720132228119,6672.869775472659,20050343.46280558,2082.4414097098447
21729243,1738142327,2025-01-29 17:18:47,86482962727511225011873908327,1752,1.191521685870423,5707521039563454480813885,175,180,180,0,True,0.00035117339439150186,0.029481370694908644,2082767418455445164653839,57.45955825319757,12072.0,0.0788705609064514,20824414.097098444,5600.720132228119,6672.869775472659,20050343.46280558,2082.4414097098447
21730243,1738154375,2025-01-29 20:39:35,86480703889684261229508978616,1751,1.1914594442676394,11384515554978417129058585,179,180,180,0,True,-6.224160278356372e-05,-0.005223707089988494,5676994515414962648244700,99.46515266545866,12048.0,0.013988727444065605,20824414.097098444,5600.720132228119,6672.869775472659,20050343.46280558,2082.4414097098447
21731243,1738166459,2025-01-30 00:00:59,86480388844609882808583950522,1751,1.1914507634237368,11384515554978417129058585,1,180,180,0,True,-8.680843902597601e-06,-0.0007285891218843374,0,0.0,12084.0,0.0019482029458899673,14518576.84331751,3775.908237464256,4498.719418005694,19547985.75331874,1451.857684331751
21732243,1738178507,2025-01-30 03:21:47,86480496838241147624634440880,1751,1.191453739108201,11384515554978417129058585,3,180,180,0,True,2.9756844641681823e-06,0.0002497530368453746,0,0.0,12048.0,0.0006688214137147026,14518576.84331751,3775.908237464256,4498.719418005694,19547985.75331874,1451.857684331751
21733243,1738190567,2025-01-30 06:42:47,86481477020850800108864864649,1752,1.191480747483412,12204001722368716193081326,4,180,180,0,True,2.7008375210968438e-05,0.0022668421210532367,819486167390299064022741,7.198252428334027,12060.0,0.006067426040672357,14518576.84331751,3775.908237464256,4498.719418005694,19547985.75331874,1451.857684331751
21734243,1738202627,2025-01-30 10:03:47,86480277723496814821296857526,1751,1.1914477015677092,10761021519390245561603239,6,180,180,0,True,-3.304591570274518e-05,-0.0027735165484245685,-1442980202978470631478087,-11.823828247529923,12060.0,0.0074235900126684365,14518576.84331751,3775.908237464256,4498.719418005694,19547985.75331874,1451.857684331751
21735243,1738214675,2025-01-30 13:24:35,86480304346969816816032612093,1751,1.1914484351564862,10761021519390245561603239,6,180,180,0,True,7.335887770576477e-07,6.157121089682662e-05,0,0.0,12048.0,0.00016488345782012196,14518576.84331751,3775.908237464256,4498.719418005694,19547985.75331874,1451.857684331751
21736243,1738226687,2025-01-30 16:44:47,86477139926036865947876765071,1751,1.1913612436180603,10760893889239146694330494,9,180,180,0,True,-8.719153842595695e-05,-0.007318112631077072,-127630151098867272745,-0.0011860412217268683,12012.0,0.019626745851297485,14518576.84331751,3775.908237464256,4498.719418005694,19547985.75331874,1451.857684331751
21737243,1738238795,2025-01-30 20:06:35,86480023215981863062905396956,1751,1.191440688825486,14896183709155197329397372,10,180,180,0,True,7.944520742575456e-05,0.006668439807936541,4135289819916050635066878,38.428869037091104,12108.0,0.017813321264399443,14518576.84331751,3775.908237464256,4498.719418005694,19547985.75331874,1451.857684331751
21738243,1738250831,2025-01-30 23:27:11,86483361613001673629147479945,1752,1.191532677210061,12203874092217617325808581,11,180,180,0,True,9.198838457491476e-05,0.007720769102287104,-2692309616937580003588791,-18.07382125183436,12036.0,0.02068599171088484,14518576.84331751,3775.908237464256,4498.719418005694,19547985.75331874,1451.857684331751
21739243,1738262879,2025-01-31 02:47:59,86481752475717873549261104117,1752,1.1914883375409575,12203874092217617325808581,11,180,180,0,True,-4.433966910344367e-05,-0.0037212298035555107,0,0.0,12048.0,0.009965196857694885,33369359.32665632,8423.744537999395,10037.723901484573,21670552.071303617,3336.935932665632
21740243,1738274987,2025-01-31 06:09:47,86478730739813532918515724505,1751,1.1914050760415906,14896183709155197329397372,12,180,180,0,True,-8.326149936688232e-05,-0.0069880247035166805,2692309616937580003588791,22.06110614214268,12108.0,0.01866702446637528,33369359.32665632,8423.744537999395,10037.723901484573,21670552.071303617,3336.935932665632
21741243,1738287035,2025-01-31 09:30:35,86477992717524789226816095583,1751,1.1913847408738207,14896183709155197329397372,12,180,180,0,True,-2.0335167769891527e-05,-0.0017068223208729766,0,0.0,12048.0,0.004570752500250191,33369359.32665632,8423.744537999395,10037.723901484573,21670552.071303617,3336.935932665632
21742243,1738299095,2025-01-31 12:51:35,86476978892496604569807363238,1751,1.1913568066318154,14896183709155197329397372,12,180,180,0,True,-2.7934242005311916e-05,-0.0023446869048216576,0,0.0,12060.0,0.0062757852659489615,33369359.32665632,8423.744537999395,10037.723901484573,21670552.071303617,3336.935932665632
21743243,1738311191,2025-01-31 16:13:11,86474384132734101731124219589,1750,1.1912853138861876,15608528157044199067559694,13,180,180,0,True,-7.149274562778807e-05,-0.006000951623377315,712344447889001738162322,4.782060034955092,12096.0,0.016038217835202005,33369359.32665632,8423.744537999395,10037.723901484573,21670552.071303617,3336.935932665632
21744243,1738323287,2025-01-31 19:34:47,86464214719595993743183484191,1748,1.1910051393512842,3019253724430213468461291,15,180,180,0,True,-0.00028017453490347677,-0.023518676142283403,-12589274432613985599098403,-80.65638416350224,12096.0,0.06285630593922768,33369359.32665632,8423.744537999395,10037.723901484573,21670552.071303617,3336.935932665632
21745243,1738335347,2025-01-31 22:55:47,86472119450009382521962796336,1749,1.1912229174211508,7160415549598303577887683,21,180,180,0,True,0.0002177780698666698,0.018285233427732226,4141161825168090109426392,137.15845712667294,12060.0,0.04894222691064494,33369359.32665632,8423.744537999395,10037.723901484573,21670552.071303617,3336.935932665632
21746243,1738347455,2025-02-01 02:17:35,86477659967601048588079584271,1751,1.1913755724737107,16470316242330180313932601,22,180,180,0,True,0.00015265505255990242,0.01281498620681187,9309900692731876736044918,130.01899999021927,12108.0,0.0342325150823285,10693350.286408018,2781.9158040512166,3315.111839050055,20927505.48591301,1069.335028640802
21747243,1738359479,2025-02-01 05:37:59,86482221333429325626903890637,1752,1.191501256798338,13769164161535525170303421,24,180,180,0,True,0.0001256843246273398,0.010549513313117152,-2701152080794655143629180,-16.40012274841726,12024.0,0.02827904975285292,10693350.286408018,2781.9158040512166,3315.111839050055,20927505.48591301,1069.335028640802
21748243,1738371587,2025-02-01 08:59:47,86480667854265588630642466667,1751,1.1914584513355975,16470316242330180313932601,25,180,180,0,True,-4.280546274060271e-05,-0.0035925654711959354,2701152080794655143629180,19.61740051251902,12108.0,0.009596775969340917,10693350.286408018,2781.9158040512166,3315.111839050055,20927505.48591301,1069.335028640802
21749243,1738383611,2025-02-01 12:20:11,86480654454495959671530423454,1751,1.191458082113945,16470316242330180313932601,25,180,180,0,True,-3.6922165236319415e-07,-3.098904976076213e-05,0,0.0,12024.0,8.3069318362639e-05,10693350.286408018,2781.9158040512166,3315.111839050055,20927505.48591301,1069.335028640802
21750243,1738395707,2025-02-01 15:41:47,86481148551026419959343488572,1751,1.1914716966498202,16470316242330180313932601,25,180,180,0,True,1.3614535875117184e-05,0.001142678544843272,0,0.0,12096.0,0.0030539368700149474,10693350.286408018,2781.9158040512166,3315.111839050055,20927505.48591301,1069.335028640802
21751243,1738407779,2025-02-01 19:02:59,86486037207044669495583260042,1753,1.191606404849442,6580937280182341063144296,26,180,180,0,True,0.00013470819962169145,0.011306034377523522,-9889378962147839250788305,-60.04364953680279,12072.0,0.030246669403905937,10693350.286408018,2781.9158040512166,3315.111839050055,20927505.48591301,1069.335028640802
21752243,1738419803,2025-02-01 22:23:23,86491359402601002080578310544,1754,1.191753068002341,7384890951803091947259480,29,180,180,0,True,0.0001466631528990181,0.012308019854722822,803953671620750884115184,12.216400755584703,12024.0,0.03299290644982032,10693350.286408018,2781.9158040512166,3315.111839050055,20927505.48591301,1069.335028640802
21753243,1738431875,2025-02-02 01:44:35,86490036958299612706813748775,1754,1.191716624708683,7384890951803091947259480,29,180,180,0,True,-3.644329365792842e-05,-0.0030579567727915292,0,0.0,12072.0,0.008180853203660627,50116811.063619025,14101.283183590867,16794.777094201785,18775177.314715885,5011.6811063619025
21754243,1738443935,2025-02-02 05:05:35,86490856828645924515458785711,1754,1.1917392182416975,7384890951803091947259480,29,180,180,0,True,2.2593533014481082e-05,0.0018958813316885719,0,0.0,12060.0,0.0050745129778015435,50116811.063619025,14101.283183590867,16794.777094201785,18775177.314715885,5011.6811063619025
21755243,1738456007,2025-02-02 08:26:47,86490409822512780936042113044,1754,1.1917268998676502,7384890951803091947259480,31,180,180,0,True,-1.2318374047248781e-05,-0.001033646779320011,0,0.0,12072.0,0.0027652819167663495,50116811.063619025,14101.283183590867,16794.777094201785,18775177.314715885,5011.6811063619025
21756243,1738468019,2025-02-02 11:46:59,86485346556159451184016266802,1752,1.1915873733211428,13452646590081228147411234,33,180,180,0,True,-0.00013952654650739582,-0.011707929603912712,6067755638278136200151754,82.16445818738374,12012.0,0.03139997569934323,50116811.063619025,14101.283183590867,16794.777094201785,18775177.314715885,5011.6811063619025
21757243,1738480163,2025-02-02 15:09:23,86483588909032550393678149057,1752,1.1915389404033283,13452646590081228147411234,33,180,180,0,True,-4.843291781453374e-05,-0.004064571251669403,0,0.0,12144.0,0.01084153392364068,50116811.063619025,14101.283183590867,16794.777094201785,18775177.314715885,5011.6811063619025
21758243,1738492259,2025-02-02 18:30:59,86475699675839087602851186713,1750,1.1913215604375185,4240617604496407693311933,36,180,180,0,True,-0.00021737996580983854,-0.01824363085744028,-9212028985584820454099301,-68.47744734762409,12096.0,0.048758154399513164,50116811.063619025,14101.283183590867,16794.777094201785,18775177.314715885,5011.6811063619025
21759243,1738504331,2025-02-02 21:52:11,86479537349476217789066686733,1751,1.1914273012366194,12219512106447435282505387,39,180,180,0,True,0.00010574079910097289,0.00887592423511072,7978894501951027589193454,188.15406731064016,12072.0,0.02374547405651138,50116811.063619025,14101.283183590867,16794.777094201785,18775177.314715885,5011.6811063619025
21760243,1738516439,2025-02-03 01:13:59,86475794543510237080936348118,1750,1.1913241743039447,9941627419123289169060192,46,180,180,0,True,-0.00010312693267477968,-0.008655746982442071,-2277884687324146113445195,-18.6413718279493,12108.0,0.0231219904839042,121619998.53524455,39869.86047629743,45814.94488976138,21543525.082410153,12161.999853524456
21761243,1738528499,2025-02-03 04:34:59,86445398024868321994214238316,1743,1.190486812974614,2902742406687490538205186,72,180,180,0,True,-0.0008373613293306548,-0.07028828486754247,-7038885012435798630855006,-70.80214049156682,12060.0,0.18813351225420802,121619998.53524455,39869.86047629743,45814.94488976138,21543525.082410153,12161.999853524456
21762243,1738540547,2025-02-03 07:55:47,86467597983382538271802058920,1748,1.1910983470073206,3448570717748591501912779,89,180,180,0,True,0.0006115340327066399,0.05136840039232591,545828311061100963707593,18.80388386525766,12048.0,0.13756103471097622,121619998.53524455,39869.86047629743,45814.94488976138,21543525.082410153,12161.999853524456
21763243,1738552655,2025-02-03 11:17:35,86340335401571432257969617718,1719,1.1875948218635382,8479095593652685478794,1,180,180,0,True,-0.0035035251437824932,-0.2941423898862115,-3440091622154938816433985,-99.75412725190718,12108.0,0.7857389493544312,121619998.53524455,39869.86047629743,45814.94488976138,21543525.082410153,12161.999853524456
21764243,1738564703,2025-02-03 14:38:23,86413602952865101128082199393,1736,1.1896112394035327,11449554198688351159669,21,180,180,0,True,0.002016417539994597,0.16979002458351033,2970458605035665680875,35.03272928376115,12048.0,0.454685979842173,121619998.53524455,39869.86047629743,45814.94488976138,21543525.082410153,12161.999853524456
21765243,1738576823,2025-02-03 18:00:23,86382364747097354515832625580,1729,1.1887513145174315,11449554198688351159669,65,180,180,0,True,-0.0008599248861012043,-0.07228621062225067,0,0.0,12120.0,0.19300164923138668,121619998.53524455,39869.86047629743,45814.94488976138,21543525.082410153,12161.999853524456
21766243,1738588895,2025-02-03 21:21:35,86470194877456115273517171693,1749,1.19116989294497,3200330362459685661408663,91,180,180,0,True,0.0024185784275385647,0.2034553735505543,3188880808260997310248994,27851.571798544894,12072.0,0.5442976039826747,121619998.53524455,39869.86047629743,45814.94488976138,21543525.082410153,12161.999853524456
21767243,1738600931,2025-02-04 00:42:11,86480039423152902267006146637,1751,1.1914411353999461,11852008001204979725394011,118,180,180,0,True,0.0002712424549760062,0.022771097270214258,8651677638745294063985348,270.3370170851941,12036.0,0.06100981950617702,83440157.19198038,25245.325447517833,30060.44494626796,20449903.39225269,8344.015719198038
21768243,1738612979,2025-02-04 04:02:59,86431392233666091251850382831,1740,1.1901010814172577,3209273354434583508630122,147,180,180,0,True,-0.0013400539826884383,-0.11247336883652295,-8642734646770396216763889,-72.92211282587473,12048.0,0.30119592738754564,83440157.19198038,25245.325447517833,30060.44494626796,20449903.39225269,8344.015719198038
21769243,1738625063,2025-02-04 07:24:23,86405008735365493582476515389,1734,1.18937462690314,11812471815088373189265,25,180,180,0,True,-0.0007264545141176804,-0.061041412822897885,-3197460882619495135440857,-99.6319269033669,12084.0,0.16322102088937562,83440157.19198038,25245.325447517833,30060.44494626796,20449903.39225269,8344.015719198038
21770243,1738637087,2025-02-04 10:44:47,86431911119804908697696376165,1740,1.1901153708737302,3210366419531749593190782,41,180,180,0,True,0.0007407439705902075,0.062280122161251714,3198553947716661220001517,27077.769985711762,12024.0,0.16694823931089878,83440157.19198038,25245.325447517833,30060.44494626796,20449903.39225269,8344.015719198038
21771243,1738649243,2025-02-04 14:07:23,86408748926096370711673588681,1735,1.1894775974207168,740505810799240976823673,69,180,180,0,True,-0.0006377734530134127,-0.05358921232528806,-2469860608732508616367109,-76.9339161320019,12156.0,0.14286929418586564,83440157.19198038,25245.325447517833,30060.44494626796,20449903.39225269,8344.015719198038
21772243,1738661303,2025-02-04 17:28:23,86417419163190787115411540045,1737,1.189716313298939,314312900117317704775954,101,180,180,0,True,0.00023871587822221763,0.020068967985597472,-426192910681923272047719,-57.554296599229346,12060.0,0.05371656801076984,83440157.19198038,25245.325447517833,30060.44494626796,20449903.39225269,8344.015719198038
21773243,1738673399,2025-02-04 20:49:59,86445810423430411927075556411,1743,1.1904981717336027,3382372707559675893436248,124,180,180,0,True,0.0007818584346637181,0.06571805613858647,3068059807442358188660294,976.1164133884421,12096.0,0.17563889299669044,83440157.19198038,25245.325447517833,30060.44494626796,20449903.39225269,8344.015719198038
21774243,1738685447,2025-02-05 00:10:47,86480765139889070852720120245,1751,1.1914611319773263,11140216545332557622180147,128,180,180,0,True,0.000962960243723554,0.08088716695140254,7757843837772881728743899,229.36099917179243,12048.0,0.21661025641625195,44057186.92172425,13341.070547507556,15896.762304214188,20958965.732753407,4405.718692172425
21775243,1738697519,2025-02-05 03:31:59,86482482997448602426283230959,1752,1.1915084669156237,21800110293577719794543141,131,180,180,0,True,4.7334938297449725e-05,0.003972847877873578,10659893748245162172362994,95.6883890440295,12072.0,0.01062843189234778,44057186.92172425,13341.070547507556,15896.762304214188,20958965.732753407,4405.718692172425
21776243,1738709615,2025-02-05 06:53:35,86432960466725033757502955322,1740,1.1901442687995953,3387498551508123339260848,166,180,180,0,True,-0.0013641981160283922,-0.11449336315333103,-18412611742069596455282293,-84.46109443535212,12096.0,0.3059963842708946,44057186.92172425,13341.070547507556,15896.762304214188,20958965.732753407,4405.718692172425
21777243,1738721663,2025-02-05 10:14:23,86448158445251720031102929760,1744,1.1905628447035164,3382373074006617326074295,174,180,180,0,True,0.0004185759039210257,0.03517018187578303,-5125477501506013186553,-0.15130567359871305,12048.0,0.09418332229260361,44057186.92172425,13341.070547507556,15896.762304214188,20958965.732753407,4405.718692172425
21778243,1738733735,2025-02-05 13:35:35,86464703203801717533203891408,1748,1.1910185966837727,3203215428435431038509768,177,180,180,0,True,0.0004557519802563803,0.03828037992987051,-179157645571186287564527,-5.2968032103851765,12072.0,0.10241026674184994,44057186.92172425,13341.070547507556,15896.762304214188,20958965.732753407,4405.718692172425
21779243,1738745831,2025-02-05 16:57:11,86466419089458984801629764819,1748,1.1910658685052193,3203215428435431038509768,179,180,180,0,True,4.727182144659281e-05,0.003969024629692154,0,0.0,12096.0,0.010607664517125253,44057186.92172425,13341.070547507556,15896.762304214188,20958965.732753407,4405.718692172425
21780243,1738757903,2025-02-05 20:18:23,86474785185009921486010966283,1750,1.1912963638358107,11204208648295053620391866,3,180,180,0,True,0.00023049533059138483,0.019352022141366127,8000993219859622581882098,249.78005378076006,12072.0,0.051771841165689156,44057186.92172425,13341.070547507556,15896.762304214188,20958965.732753407,4405.718692172425
21781243,1738769963,2025-02-05 23:39:23,86494881037284173689570795650,1755,1.191850118260522,7451810849185781564633668,14,180,180,0,True,0.0005537544247111725,0.04648334717720109,-3752397799109272055758198,-33.49096680451658,12060.0,0.12441725363278629,44057186.92172425,13341.070547507556,15896.762304214188,20958965.732753407,4405.718692172425
21782243,1738782011,2025-02-06 03:00:11,86494081670914169160927887653,1754,1.1918280887371842,11428645623000203780092568,17,180,180,0,True,-2.2029523337740997e-05,-0.0018483467845682295,3976834773814422215458900,53.36736068990464,12048.0,0.004949745256772611,62044643.59502063,18797.842475320576,22412.699465508707,19621484.15383429,6204.4643595020625
21783243,1738794023,2025-02-06 06:20:23,86485579293639862081133902498,1753,1.19159378660217,16597251422375431803318790,26,180,180,0,True,-0.00023430213501418606,-0.0196590546261117,5168605799375228023226222,45.22500714322075,12012.0,0.05272442339640247,62044643.59502063,18797.842475320576,22412.699465508707,19621484.15383429,6204.4643595020625
21784243,1738806071,2025-02-06 09:41:11,86485699685027946993965323325,1753,1.1915971040969713,16597251422375431803318790,33,180,180,0,True,3.317494801313714e-06,0.00027840819905360125,0,0.0,12048.0,0.0007455579625086846,62044643.59502063,18797.842475320576,22412.699465508707,19621484.15383429,6204.4643595020625
21785243,1738818167,2025-02-06 13:02:47,86492494980229304398057440387,1754,1.1917843621574107,10282266881909976058640302,36,180,180,0,True,0.0001872580604393992,0.01571488045712473,-6314984540465455744678488,-38.048375479520466,12096.0,0.04199978467476443,62044643.59502063,18797.842475320576,22412.699465508707,19621484.15383429,6204.4643595020625
21786243,1738830227,2025-02-06 16:23:47,86490713416344226008492638513,1754,1.1917352661494447,10282266881909976058640302,38,180,180,0,True,-4.9096007965987454e-05,-0.004119537856421618,0,0.0,12060.0,0.011026348519576103,62044643.59502063,18797.842475320576,22412.699465508707,19621484.15383429,6204.4643595020625
21787243,1738842251,2025-02-06 19:44:11,86505849987912393901105812772,1757,1.192152429192741,8356619580995130729723702,45,180,180,0,True,0.00041716304329630916,0.0350046738689024,-1925647300914845328916600,-18.727847886371414,12024.0,0.09383360962161655,62044643.59502063,18797.842475320576,22412.699465508707,19621484.15383429,6204.4643595020625
21788243,1738854299,2025-02-06 23:04:59,86508417093237294523976723191,1758,1.1922231857082526,15495183541401640580794646,47,180,180,0,True,7.075651551158302e-05,0.005935190314504948,7138563960406509851070944,85.42406281890875,12048.0,0.015894030466867277,62044643.59502063,18797.842475320576,22412.699465508707,19621484.15383429,6204.4643595020625
21789243,1738866359,2025-02-07 02:25:59,86507834846557157348827324828,1758,1.1922071371969256,15378271242999424164905634,51,180,180,0,True,-1.6048511326971493e-05,-0.001346099582641291,-116912298402216415889012,-0.7545073479758274,12060.0,0.003602968016696806,80222400.26100995,25289.118242020166,30143.35179468555,19188139.130939994,8022.240026100995
21790243,1738878407,2025-02-07 05:46:47,86508545685663979718101356851,1758,1.1922267301260494,15391072638497793843969763,52,180,180,0,True,1.9592929123790626e-05,0.001643416526582521,12801395498369679064129,0.083243397753159,12048.0,0.004400956154585329,80222400.26100995,25289.118242020166,30143.35179468555,19188139.130939994,8022.240026100995
21791243,1738890455,2025-02-07 09:07:35,86509373736675020656229141171,1758,1.1922495539815712,15391072638497793843969763,52,180,180,0,True,2.2823855521769687e-05,0.0019143888444236284,0,0.0,12048.0,0.005126601339865869,80222400.26100995,25289.118242020166,30143.35179468555,19188139.130939994,8022.240026100995
21792243,1738902455,2025-02-07 12:27:35,86481944632608869988322169269,1752,1.1914936323677252,523785421704594983441711,58,180,180,0,True,-0.0007559216138459668,-0.06340296889367938,-14867287216793198860528052,-96.59682314542232,12000.0,0.1701280181058861,80222400.26100995,25289.118242020166,30143.35179468555,19188139.130939994,8022.240026100995
21793243,1738914539,2025-02-07 15:48:59,86496873192977613050429222229,1755,1.1919050204307646,5099132552261474833829272,61,180,180,0,True,0.00041138806303941955,0.03452708867792377,4575347130556879850387561,873.5155544549096,12084.0,0.09232333266432377,80222400.26100995,25289.118242020166,30143.35179468555,19188139.130939994,8022.240026100995
21794243,1738926647,2025-02-07 19:10:47,86485676388005248116766515286,1753,1.1915964621258446,1125686822849634568493292,71,180,180,0,True,-0.000308558304920048,-0.025887826599516495,-3973445729411840265335980,-77.92395449005556,12108.0,0.06915383288088024,80222400.26100995,25289.118242020166,30143.35179468555,19188139.130939994,8022.240026100995
21795243,1738938683,2025-02-07 22:31:23,86506420226047411717274281142,1757,1.192168146349872,27802090272620301895837063,77,180,180,0,True,0.0005716842240273134,0.047976327741642615,26676403449770667327343771,2369.7890841646645,12036.0,0.12854132856897976,80222400.26100995,25289.118242020166,30143.35179468555,19188139.130939994,8022.240026100995
21796243,1738950767,2025-02-08 01:52:47,86505756931003787540089301192,1757,1.1921498643266657,27803050556692392951972689,79,180,180,0,True,-1.828202320619532e-05,-0.001533510458417331,960284072091056135626,0.003453999547065534,12084.0,0.004100513585647515,55875168.49101333,17836.223719879446,21263.73845413046,19042540.356139656,5587.516849101333
21797243,1738962815,2025-02-08 05:13:35,86509228509007594464239292909,1758,1.1922455510055032,15394105087049428593745175,87,180,180,0,True,9.568667883752546e-05,0.008026396823151923,-12408945469642964358227514,-44.63159696933343,12048.0,0.021494137321017667,55875168.49101333,17836.223719879446,21263.73845413046,19042540.356139656,5587.516849101333
21798243,1738974827,2025-02-08 08:33:47,86508147203869798428352722657,1758,1.192215746712826,15394105087049428593745175,90,180,180,0,True,-2.980429267718243e-05,-0.002499845157907816,0,0.0,12012.0,0.00670443706666922,55875168.49101333,17836.223719879446,21263.73845413046,19042540.356139656,5587.516849101333
21799243,1738986839,2025-02-08 11:53:59,86505056216345974867422715872,1757,1.1921305510802276,27803059306474891215893292,92,180,180,0,True,-8.519563259845597e-05,-0.007145991221249773,12408954219425462622148117,80.60848064409227,12012.0,0.019165126396043185,55875168.49101333,17836.223719879446,21263.73845413046,19042540.356139656,5587.516849101333
21800243,1738998959,2025-02-08 15:15:59,86499003027608906865911314663,1756,1.1919637183177478,13881306886447063106571261,96,180,180,0,True,-0.00016683276247975165,-0.013994504404620715,-13921752420027828109322031,-50.072735761081056,12120.0,0.03736483635007851,55875168.49101333,17836.223719879446,21263.73845413046,19042540.356139656,5587.516849101333
21801243,1739011043,2025-02-08 18:37:23,86505641657769912313933436047,1757,1.1921466871305246,27486963092276306091452628,99,180,180,0,True,0.00018296881277679589,0.015350199839557613,13605656205829242984881367,98.01423105999515,12084.0,0.04104549965017632,55875168.49101333,17836.223719879446,21263.73845413046,19042540.356139656,5587.516849101333
21802243,1739023103,2025-02-08 21:58:23,86515682666832060311917734141,1759,1.1924234563719238,15064812571666604496888051,105,180,180,0,True,0.00027676924139918846,0.023216039132345954,-12422150520609701594564577,-45.192880999284576,12060.0,0.06214001367127243,55875168.49101333,17836.223719879446,21263.73845413046,19042540.356139656,5587.516849101333
21803243,1739035187,2025-02-09 01:19:47,86519010242928986749957815360,1760,1.1925151843910535,14316130195968322121414773,108,180,180,0,True,9.172801912971096e-05,0.007692570842979162,-748682375698282375473278,-4.969742385686093,12084.0,0.020569466009867754,26923276.708335552,8544.210762008448,10192.508925164915,19020213.750608932,2692.327670833555
21804243,1739047271,2025-02-09 04:41:11,86521230579280160877513184789,1761,1.192576392182979,15411555559349381590220821,111,180,180,0,True,6.120779192553272e-05,0.005132663527197592,1095425363381059468806048,7.651686233543412,12084.0,0.013724429728084441,26923276.708335552,8544.210762008448,10192.508925164915,19020213.750608932,2692.327670833555
21805243,1739059331,2025-02-09 08:02:11,86520447790562597105057992055,1761,1.192554812944788,15411555559349381590220821,112,180,180,0,True,-2.157923819101626e-05,-0.0018094638073051273,0,0.0,12060.0,0.0048432079685356445,26923276.708335552,8544.210762008448,10192.508925164915,19020213.750608932,2692.327670833555
21806243,1739071343,2025-02-09 11:22:23,86519201582249855868197648180,1760,1.1925204589612821,14316130195968322121414773,113,180,180,0,True,-3.435398350593033e-05,-0.0028807047804452427,-1095425363381059468806048,-7.107818280657091,12012.0,0.007725880079833531,26923276.708335552,8544.210762008448,10192.508925164915,19020213.750608932,2692.327670833555
21807243,1739083427,2025-02-09 14:43:47,86516776262970609713490296085,1760,1.1924536020724248,14318123072199029132720528,116,180,180,0,True,-6.68568888573251e-05,-0.005606351518326091,1992876230707011305755,0.013920495297452946,12084.0,0.014991042572045818,26923276.708335552,8544.210762008448,10192.508925164915,19020213.750608932,2692.327670833555
21808243,1739095523,2025-02-09 18:05:23,86517148033445237031544126831,1760,1.1924638502581117,14318123072199029132720528,116,180,180,0,True,1.024818568695629e-05,0.0008594200788311978,0,0.0,12096.0,0.002296896775928996,26923276.708335552,8544.210762008448,10192.508925164915,19020213.750608932,2692.327670833555
21809243,1739107535,2025-02-09 21:25:35,86522691574962443021278402889,1761,1.1926166681628454,15413550320758370609259137,120,180,180,0,True,0.00015281790473364865,0.012815307122356021,1095427248559341476538609,7.650634395553507,12012.0,0.034369896799440934,26923276.708335552,8544.210762008448,10192.508925164915,19020213.750608932,2692.327670833555
21810243,1739119571,2025-02-10 00:46:11,86523567205371855974722641359,1761,1.1926408074189556,15413550320758370609259137,120,180,180,0,True,2.4139256110222718e-05,0.002024058253974246,0,0.0,12036.0,0.005422989822562672,29418326.771972552,9254.947449469631,11042.182505033636,19271141.65160816,2941.832677197255
21811243,1739131691,2025-02-10 04:08:11,86529227492425198519145786937,1763,1.1927968553109074,5542070819642555905539681,122,180,180,0,True,0.0001560478919517827,0.013084232149450977,-9871479501115814703719456,-64.04416435985738,12120.0,0.03493444132750065,29418326.771972552,9254.947449469631,11042.182505033636,19271141.65160816,2941.832677197255
21812243,1739143751,2025-02-10 07:29:11,86522770675313262719344107252,1761,1.1926188487801668,15413531523700201564067362,127,180,180,0,True,-0.00017800653074062645,-0.014923457414232393,9871460704057645658527681,178.11863156043754,12060.0,0.039944102542927865,29418326.771972552,9254.947449469631,11042.182505033636,19271141.65160816,2941.832677197255
21813243,1739155835,2025-02-10 10:50:35,86521638244030945777094834552,1761,1.1925876304073968,15413531523700201564067362,127,180,180,0,True,-3.121837276998107e-05,-0.002617632012265429,0,0.0,12084.0,0.0069993886051471395,29418326.771972552,9254.947449469631,11042.182505033636,19271141.65160816,2941.832677197255
21814243,1739167871,2025-02-10 14:11:11,86521085819319502502488794474,1761,1.1925724015516384,15413531523700201564067362,127,180,180,0,True,-1.522885575844235e-05,-0.0012769590569407516,0,0.0,12036.0,0.0034213125813062867,29418326.771972552,9254.947449469631,11042.182505033636,19271141.65160816,2941.832677197255
21815243,1739179943,2025-02-10 17:32:23,86520455711852555228306292155,1761,1.192555031311039,15894654382446797406791851,128,180,180,0,True,-1.7370240599445808e-05,-0.001456535517411408,481122858746595842724489,3.1214316979000576,12072.0,0.0038966225290958147,29418326.771972552,9254.947449469631,11042.182505033636,19271141.65160816,2941.832677197255
21816243,1739191991,2025-02-10 20:53:11,86522030661964721426664410038,1761,1.1925984483679568,15894654382446797406791851,128,180,180,0,True,4.341705691790487e-05,0.0036406753380742694,0,0.0,12048.0,0.009749477552877975,29418326.771972552,9254.947449469631,11042.182505033636,19271141.65160816,2941.832677197255
21817243,1739204063,2025-02-11 00:14:23,86519312539423086838843862809,1760,1.1925235176761475,14799229019065737937985803,129,180,180,0,True,-7.493069180930512e-05,-0.00628297746922663,-1095425363381059468806048,-6.8917847285235,12072.0,0.01680864713817664,34983369.204029426,11072.462047913368,13211.968151015379,16674101.250121912,3498.3369204029427
21818243,1739216123,2025-02-11 03:35:23,86521143404477111327327136329,1761,1.1925739890142066,15894670814678450679438596,134,180,180,0,True,5.047133805913262e-05,0.004232313854697419,1095441795612712741452793,7.40201934980169,12060.0,0.011328204578428357,34983369.204029426,11072.462047913368,13211.968151015379,16674101.250121912,3498.3369204029427
21819243,1739228171,2025-02-11 06:56:11,86522915595140014729146707831,1761,1.1926228438963733,15894670814678450679438596,136,180,180,0,True,4.885488216666012e-05,0.0040965912904946085,0,0.0,12048.0,0.010970389040819723,34983369.204029426,11072.462047913368,13211.968151015379,16674101.250121912,3498.3369204029427
21820243,1739240243,2025-02-11 10:17:23,86522629863808336207491925249,1761,1.1926149669276338,15894670814678450679438596,136,180,180,0,True,-7.876968739495283e-06,-0.0006604744140034023,0,0.0,12072.0,0.0017669459142822112,34983369.204029426,11072.462047913368,13211.968151015379,16674101.250121912,3498.3369204029427
21821243,1739252327,2025-02-11 13:38:47,86529984498687079754079624971,1763,1.192817725915316,5548088325886646206125344,139,180,180,0,True,0.0002027589876822944,0.017001211061826085,-10346582488791804473313252,-65.09466354746345,12084.0,0.04546020312337949,34983369.204029426,11072.462047913368,13211.968151015379,16674101.250121912,3498.3369204029427
21822243,1739264363,2025-02-11 16:59:23,86531387958689800994016577435,1763,1.1928564196826787,5548088325886646206125344,140,180,180,0,True,3.8693767362651954e-05,0.0032438960724665666,0,0.0,12036.0,0.008691259429858805,34983369.204029426,11072.462047913368,13211.968151015379,16674101.250121912,3498.3369204029427
21823243,1739276423,2025-02-11 20:20:23,86530963068341838879571391108,1763,1.1928447052759912,13197474195150141869545068,142,180,180,0,True,-1.1714406687568513e-05,-0.0009820466649862818,7649385869263495663419724,137.8742626279483,12060.0,0.0026285445523328856,34983369.204029426,11072.462047913368,13211.968151015379,16674101.250121912,3498.3369204029427
21824243,1739288519,2025-02-11 23:41:59,86536296643203037940198375629,1764,1.1929917583626874,10052735992994963192160354,145,180,180,0,True,0.00014705308669626938,0.012327932214968869,-3144738202155178677384714,-23.828333783072058,12096.0,0.03294778473984764,34983369.204029426,11072.462047913368,13211.968151015379,16674101.250121912,3498.3369204029427
21825243,1739300579,2025-02-12 03:02:59,86540433253320438482657974859,1765,1.1931058159297236,9564532746535106913413872,147,180,180,0,True,0.00011405756703619652,0.009560633276522712,-488203246459856278746482,-4.856421642824903,12060.0,0.0255899759266606,54402349.220172904,17370.779646200805,20727.02706974711,18032933.022087313,5440.234922017291
21826243,1739312639,2025-02-12 06:23:59,86531059613254978738361045462,1763,1.1928473670550501,10052735809438108286307333,150,180,180,0,True,-0.0002584488746735225,-0.02166185691351501,488203062903001372893461,5.104306460551982,12060.0,0.05798009199922258,54402349.220172904,17370.779646200805,20727.02706974711,18032933.022087313,5440.234922017291
21827243,1739324699,2025-02-12 09:44:59,86523555013473618286888405682,1761,1.192640471312741,8251478852856243952256903,155,180,180,0,True,-0.00020689574230914332,-0.0173446953921637,-1801256956581864334050430,-17.918077135686154,12060.0,0.046424784290247614,54402349.220172904,17370.779646200805,20727.02706974711,18032933.022087313,5440.234922017291
21828243,1739336915,2025-02-12 13:08:35,86529420841840685779542456986,1763,1.1928021859220574,10052735809438108286307333,157,180,180,0,True,0.00016171460931646564,0.013559376292040983,1801256956581864334050430,21.829504610053753,12216.0,0.03606052725384256,54402349.220172904,17370.779646200805,20727.02706974711,18032933.022087313,5440.234922017291
21829243,1739349143,2025-02-12 16:32:23,86529460076635257234468360857,1763,1.1928032676202565,10052735809438108286307333,157,180,180,0,True,1.081698199012493e-06,9.068546417663721e-05,0,0.0,12228.0,0.00024105538431097237,54402349.220172904,17370.779646200805,20727.02706974711,18032933.022087313,5440.234922017291
21830243,1739361299,2025-02-12 19:54:59,86533662680523584354766531254,1764,1.192919135704491,10293144894093798060851157,159,180,180,0,True,0.00011586808423458272,0.009713930819937253,240409084655689774543824,2.39147918748625,12156.0,0.025897421883916492,54402349.220172904,17370.779646200805,20727.02706974711,18032933.022087313,5440.234922017291
21831243,1739373431,2025-02-12 23:17:11,86546244402525056195333316207,1767,1.1932660542931581,1411841757695623933526598,168,180,180,0,True,0.0003469185886670889,0.029081484090890404,-8881303136398174127324559,-86.28366964400027,12132.0,0.07760813305579677,54402349.220172904,17370.779646200805,20727.02706974711,18032933.022087313,5440.234922017291
21832243,1739385491,2025-02-13 02:38:11,86550305700199515175712725771,1767,1.1933780481154705,6649083938477867539880697,175,180,180,0,True,0.00011199382231241728,0.009385486322139435,5237242180782243606354099,370.9510752345469,12060.0,0.0251211778652077,7605161.961655639,2378.4593162564424,2838.785611759671,16607873.582431309,760.516196165564
21833243,1739397539,2025-02-13 05:58:59,86550325486537026954354772262,1767,1.1933785937538326,7016783529680149460472496,5,180,180,0,True,5.456383620483507e-07,4.572217185576679e-05,367699591202281920591799,5.53007894928842,12048.0,0.00012244082396328576,7605161.961655639,2378.4593162564424,2838.785611759671,16607873.582431309,760.516196165564
21834243,1739409599,2025-02-13 09:19:59,86550018688875785214375850511,1767,1.1933701333555484,13231933472448607873343009,9,180,180,0,True,-8.460398284171333e-06,-0.0007089450345810816,6215149942768458412870513,88.57548357419212,12060.0,0.001897561159761774,7605161.961655639,2378.4593162564424,2838.785611759671,16607873.582431309,760.516196165564
21835243,1739421671,2025-02-13 12:41:11,86550868870119443888127992642,1768,1.193393578431647,8263250167280372386451103,11,180,180,0,True,2.3445076098527196e-05,0.001964610596764621,-4968683305168235486891906,-37.55069745108661,12072.0,0.005255859414852218,7605161.961655639,2378.4593162564424,2838.785611759671,16607873.582431309,760.516196165564
21836243,1739433767,2025-02-13 16:02:47,86553113495244240662504235257,1768,1.193455478583086,14240258922711205405079927,12,180,180,0,True,6.19001514390316e-05,0.005186901669135888,5977008755430833018628824,72.33241925916428,12096.0,0.013862577817708844,7605161.961655639,2378.4593162564424,2838.785611759671,16607873.582431309,760.516196165564
21837243,1739445839,2025-02-13 19:23:59,86553066739355393275576141701,1768,1.1934541891769772,14216048216236386680659760,14,180,180,0,True,-1.28940610877315e-06,-0.00010803973268479023,-24210706474818724420167,-0.17001591478232225,12072.0,0.00028903521499100643,7605161.961655639,2378.4593162564424,2838.785611759671,16607873.582431309,760.516196165564
21838243,1739457947,2025-02-13 22:45:47,86559854802485637917952120479,1770,1.1936413936368735,13987302657064400114235464,19,180,180,0,True,0.0001872044598962841,0.0156859359658692,-228745559171986566424296,-1.6090657241210848,12108.0,0.04190164787275603,7605161.961655639,2378.4593162564424,2838.785611759671,16607873.582431309,760.516196165564
21839243,1739470067,2025-02-14 02:07:47,86559779323073923241276651375,1770,1.193639311948749,13553803486069745198377996,20,180,180,0,True,-2.0816881245444563e-06,-0.00017439811786367572,-433499170994654915857468,-3.099233509297896,12120.0,0.0004656368632522901,8475863.565306297,2621.2453061472156,3129.151347374,16965203.668604534,847.5863565306296
21840243,1739482139,2025-02-14 05:28:59,86558727159810226340048642804,1769,1.1936102939496047,19762173466788572731235629,22,180,180,0,True,-2.9017999144231865e-05,-0.0024310525678696653,6208369980718827532857633,45.80537106871611,12072.0,0.006503716587847195,8475863.565306297,2621.2453061472156,3129.151347374,16965203.668604534,847.5863565306296
21841243,1739494283,2025-02-14 08:51:23,86558467775706874130478927667,1769,1.1936031403538407,19762173466788572731235629,22,180,180,0,True,-7.153595763975673e-06,-0.0005993242350738058,0,0.0,12144.0,0.001598592723191646,8475863.565306297,2621.2453061472156,3129.151347374,16965203.668604534,847.5863565306296
21842243,1739506379,2025-02-14 12:12:59,86558220055356720436597666108,1769,1.1935963084546086,19762173466788572731235629,22,180,180,0,True,-6.831899232118133e-06,-0.0005723761107140547,0,0.0,12096.0,0.0015297395019044156,8475863.565306297,2621.2453061472156,3129.151347374,16965203.668604534,847.5863565306296
21843243,1739518475,2025-02-14 15:34:35,86557980868712975531836212011,1769,1.1935897119256969,19770558405623662140819774,23,180,180,0,True,-6.596528911773092e-06,-0.0005526599625893491,8384938835089409584145,0.042429234057583615,12096.0,0.0014770458795690343,8475863.565306297,2621.2453061472156,3129.151347374,16965203.668604534,847.5863565306296
21844243,1739530547,2025-02-14 18:55:47,86559842034319253741767474259,1770,1.193641041496477,13564155073871690857576427,27,180,180,0,True,5.132957078024525e-05,0.004300436763771353,-6206403331751971283243347,-31.392149905015245,12072.0,0.011504819881388567,8475863.565306297,2621.2453061472156,3129.151347374,16965203.668604534,847.5863565306296
21845243,1739542655,2025-02-14 22:17:35,86564654568228852108843401055,1771,1.1937737727386342,13801441271061028438628035,32,180,180,0,True,0.00013273124215706922,0.011119862466413104,237286197189337581051608,1.7493621673967465,12108.0,0.029704351877691684,8475863.565306297,2621.2453061472156,3129.151347374,16965203.668604534,847.5863565306296
21846243,1739554763,2025-02-15 01:39:23,86566896542419306492664269894,1771,1.1938356096317586,14601235917876090326769881,34,180,180,0,True,6.183689312444507e-05,0.005179950719019833,799794646815061888141846,5.795008152460698,12108.0,0.013837138663505392,3417784.082093563,1057.6208718725866,1262.7070982246905,17200628.096524563,341.7784082093563
21847243,1739566919,2025-02-15 05:01:59,86566712196560958784326660449,1771,1.1938305250457413,14601235551429148894131834,35,180,180,0,True,-5.084586017334303e-06,-0.00042590336360486474,-366446941432638047,-2.5096981070212155e-06,12156.0,0.0011354619765683606,3417784.082093563,1057.6208718725866,1262.7070982246905,17200628.096524563,341.7784082093563
21848243,1739579099,2025-02-15 08:24:59,86566490397422087085637253930,1771,1.193824407446113,14601235551429148894131834,35,180,180,0,True,-6.117599628208126e-06,-0.0005124345122582396,0,0.0,12180.0,0.0013648081231978524,3417784.082093563,1057.6208718725866,1262.7070982246905,17200628.096524563,341.7784082093563
21849243,1739591219,2025-02-15 11:46:59,86566986465662703699198050560,1771,1.1938380898783687,18339039396066001134055146,36,180,180,0,True,1.3682432255635035e-05,0.0011461008981132456,3737803844636852239923312,25.5992298149796,12120.0,0.0030600492350797226,3417784.082093563,1057.6208718725866,1262.7070982246905,17200628.096524563,341.7784082093563
21850243,1739603279,2025-02-15 15:07:59,86566756896948642929616022237,1771,1.19383175796079,18339039396066001134055146,36,180,180,0,True,-6.33191757870577e-06,-0.0005303832766259688,0,0.0,12060.0,0.0014196230404622686,3417784.082093563,1057.6208718725866,1262.7070982246905,17200628.096524563,341.7784082093563
21851243,1739615423,2025-02-15 18:30:23,86566290880824313998463299798,1771,1.1938189044504726,19360604827336184632618290,37,180,180,0,True,-1.2853510317434313e-05,-0.00107666010991278,1021565431270183498563144,5.57044133668923,12144.0,0.002871802801108705,3417784.082093563,1057.6208718725866,1262.7070982246905,17200628.096524563,341.7784082093563
21852243,1739627555,2025-02-15 21:52:35,86569451279551221653761185962,1772,1.1939060749317185,15367012337217552412327170,43,180,180,0,True,8.717048124595728e-05,0.0073018177984107875,-3993592490118632220291120,-20.627415960062795,12132.0,0.019485953518643108,3417784.082093563,1057.6208718725866,1262.7070982246905,17200628.096524563,341.7784082093563
21853243,1739639651,2025-02-16 01:14:11,86570003022916865930774036595,1772,1.1939212935069894,15368266629948702856601904,44,180,180,0,True,1.5218575270870005e-05,0.0012746878159356364,1254292731150444274734,0.008162241974080137,12096.0,0.00340674648737594,2820211.737700349,878.7212586880472,1049.1949788644743,16757088.383044766,282.0211737700349
21854243,1739651759,2025-02-16 04:35:59,86570019600051645878524133715,1772,1.1939217507507323,15368266629948702856601904,44,180,180,0,True,4.57243742868485e-07,3.829764536030601e-05,0,0.0,12108.0,0.00010230402914655202,2820211.737700349,878.7212586880472,1049.1949788644743,16757088.383044766,282.0211737700349
21855243,1739663915,2025-02-16 07:58:35,86569985143278374159051946977,1772,1.19392080033665,15368266629948702856601904,44,180,180,0,True,-9.504140823235474e-07,-7.96043862779057e-05,0,0.0,12156.0,0.00021222596840178996,2820211.737700349,878.7212586880472,1049.1949788644743,16757088.383044766,282.0211737700349
21856243,1739676011,2025-02-16 11:20:11,86570029294229350244786289615,1772,1.1939220181433081,15368266629948702856601904,44,180,180,0,True,1.2178066581824964e-06,0.00010200062331095256,0,0.0,12096.0,0.00027260813261926564,2820211.737700349,878.7212586880472,1049.1949788644743,16757088.383044766,282.0211737700349
21857243,1739688143,2025-02-16 14:42:23,86570105155688553425189835583,1772,1.1939241106158855,15368266629948702856601904,44,180,180,0,True,2.0924725774307262e-06,0.0001752604060929182,0,0.0,12132.0,0.00046770766144403197,2820211.737700349,878.7212586880472,1049.1949788644743,16757088.383044766,282.0211737700349
21858243,1739700251,2025-02-16 18:04:11,86570194109976501312991075967,1772,1.1939265642278682,15368266629948702856601904,44,180,180,0,True,2.45361198270011e-06,0.0002055082028148686,0,0.0,12108.0,0.0005489715352688161,2820211.737700349,878.7212586880472,1049.1949788644743,16757088.383044766,282.0211737700349
21859243,1739712311,2025-02-16 21:25:11,86571081210759002516587526578,1772,1.1939510331256649,15367524506263679618997960,45,180,180,0,True,2.446889779661454e-05,0.002049447472712777,-742123685023237603944,-0.004828935512981237,12060.0,0.0054855478683050385,2820211.737700349,878.7212586880472,1049.1949788644743,16757088.383044766,282.0211737700349
21860243,1739724407,2025-02-17 00:46:47,86571417399087131929205719051,1772,1.1939603062726665,15367524506263679618997960,45,180,180,0,True,9.273147001609416e-06,0.000776677329666786,0,0.0,12096.0,0.0020757574769197065,4840800.359398807,1482.1292612867112,1769.7370979543975,10735657.024305338,484.08003593988076
21861243,1739736515,2025-02-17 04:08:35,86571309230669984056695238601,1772,1.1939573226385831,15288899468620900797439404,49,180,180,0,True,-2.983634083353337e-06,-0.0002498939091759019,-78625037642778821558556,-0.5116311193174403,12108.0,0.0006675385269083556,4840800.359398807,1482.1292612867112,1769.7370979543975,10735657.024305338,484.08003593988076
21862243,1739748587,2025-02-17 07:29:47,86572061195907389878634808919,1772,1.1939780643440927,15288899468620900797439404,49,180,180,0,True,2.0741705509585984e-05,0.0017372233593532392,0,0.0,12072.0,0.004647537666749058,4840800.359398807,1482.1292612867112,1769.7370979543975,10735657.024305338,484.08003593988076
21863243,1739760719,2025-02-17 10:51:59,86572171941887985812786889669,1773,1.1939811191022744,2161631398184988741016078,50,180,180,0,True,3.0547581817419456e-06,0.00025584709409381533,-13127268070435912056423326,-85.8614323246644,12132.0,0.0006827648567836154,4840800.359398807,1482.1292612867112,1769.7370979543975,10735657.024305338,484.08003593988076
21864243,1739772839,2025-02-17 14:13:59,86573615574271109235089289611,1773,1.194020939847006,2161631398184988741016078,50,180,180,0,True,3.982074473163344e-05,0.003335123486841542,0,0.0,12120.0,0.008904662836934156,4840800.359398807,1482.1292612867112,1769.7370979543975,10735657.024305338,484.08003593988076
21865243,1739784959,2025-02-17 17:35:59,86573135091165369854966512839,1773,1.1940076862640605,8097139291040340320701668,51,180,180,0,True,-1.3253582945571551e-05,-0.001109995855455414,5935507892855351579685590,274.58464462715955,12120.0,0.002963650036414492,4840800.359398807,1482.1292612867112,1769.7370979543975,10735657.024305338,484.08003593988076
21866243,1739797043,2025-02-17 20:57:23,86573888957612932003466887373,1773,1.1940284808500699,8097139291040340320701668,51,180,180,0,True,2.0794586009342808e-05,0.0017415789067830162,0,0.0,12084.0,0.004656875946650665,4840800.359398807,1482.1292612867112,1769.7370979543975,10735657.024305338,484.08003593988076
21867243,1739809139,2025-02-18 00:18:59,86572677617995337774119485337,1773,1.1939950674525202,8097139291040340320701668,51,180,180,0,True,-3.341339754969752e-05,-0.0027983752553297036,0,0.0,12096.0,0.0074789724607641425,2440564.7524876413,761.5713572152007,909.4762725270679,14749188.327477932,244.05647524876412
21868243,1739821199,2025-02-18 03:39:59,86576129603244395668774054412,1773,1.1940902876916715,8097139291040340320701668,51,180,180,0,True,9.522023915131683e-05,0.00797492734659922,0,0.0,12060.0,0.02134567793929299,2440564.7524876413,761.5713572152007,909.4762725270679,14749188.327477932,244.05647524876412
21869243,1739833259,2025-02-18 07:00:59,86576018168242072405161415188,1773,1.1940872137873757,8097139291040340320701668,51,180,180,0,True,-3.0739042957694807e-06,-0.0002574264548882421,0,0.0,12060.0,0.0006890272425417873,2440564.7524876413,761.5713572152007,909.4762725270679,14749188.327477932,244.05647524876412
21870243,1739845319,2025-02-18 10:21:59,86576241928269003650678820870,1773,1.1940933861509944,16658291477504602393442244,53,180,180,0,True,6.1723636186616915e-06,0.0005169106198771147,8561152186464262072740576,105.73057815539077,12060.0,0.0013835621486887129,2440564.7524876413,761.5713572152007,909.4762725270679,14749188.327477932,244.05647524876412
21871243,1739857379,2025-02-18 13:42:59,86576229840302507398995812375,1773,1.194093052707095,16658263082335909279839771,55,180,180,0,True,-3.334438993807254e-07,-2.7924440688474017e-05,-28395168693113602473,-0.0001704566685692738,12060.0,7.474251383935659e-05,2440564.7524876413,761.5713572152007,909.4762725270679,14749188.327477932,244.05647524876412
21872243,1739869439,2025-02-18 17:03:59,86576389894707743459193034021,1773,1.1940974677764593,16658263082335909279839771,55,180,180,0,True,4.415069364327451e-06,0.0003697424881853362,0,0.0,12060.0,0.0009896521598585623,2440564.7524876413,761.5713572152007,909.4762725270679,14749188.327477932,244.05647524876412
21873243,1739881535,2025-02-18 20:25:35,86576364474384759535005729914,1773,1.1940967665612925,16658263091487000617421330,57,180,180,0,True,-7.012151668206457e-07,-5.872344475584437e-05,9151091337581559,5.4934246699976745e-08,12096.0,0.0001569450077482261,2440564.7524876413,761.5713572152007,909.4762725270679,14749188.327477932,244.05647524876412
21874243,1739893571,2025-02-18 23:46:11,86579557272747612549815193327,1774,1.194184840957212,10421934122665899154714189,60,180,180,0,True,8.807439591951294e-05,0.007375817302742199,-6236328968821101462707141,-37.43685001594254,12036.0,0.019761774191683686,2440564.7524876413,761.5713572152007,909.4762725270679,14749188.327477932,244.05647524876412
21875243,1739905631,2025-02-19 03:07:11,86579688362974943533180482433,1774,1.1941884571937862,11387734511132706947927509,63,180,180,0,True,3.616236574188747e-06,0.0003028205056840374,965800388466807793213320,9.266997633062749,12060.0,0.0008105288872006759,3930411.4673579866,1213.673053966108,1449.5231976325658,14121031.991460491,393.0411467357987
21876243,1739917715,2025-02-19 06:28:35,86579718647222523968281940678,1774,1.1941892926115592,11388316435153164652026311,66,180,180,0,True,8.354177729597012e-07,6.995694590139003e-05,581924020457704098802,0.005110094724186029,12084.0,0.0001870606134470795,3930411.4673579866,1213.673053966108,1449.5231976325658,14121031.991460491,393.0411467357987
21877243,1739929799,2025-02-19 09:49:59,86579474639842327575459350036,1774,1.1941825614603225,11222749835708731728265462,67,180,180,0,True,-6.731151236616384e-06,-0.000563658649282988,-165566599444432923760849,-1.4538285828919029,12084.0,0.0015071889052768515,3930411.4673579866,1213.673053966108,1449.5231976325658,14121031.991460491,393.0411467357987
21878243,1739941907,2025-02-19 13:11:47,86579354177636915304565031860,1774,1.1941792384148648,11222749835708731728265462,67,180,180,0,True,-3.323045457692686e-06,-0.00027826946774612535,0,0.0,12108.0,0.0007433378076136547,3930411.4673579866,1213.673053966108,1449.5231976325658,14121031.991460491,393.0411467357987
21879243,1739953979,2025-02-19 16:32:59,86579952562223059881290438937,1774,1.194195745373724,11222749835708731728265462,67,180,180,0,True,1.650695885913045e-05,0.0013822848637899225,0,0.0,12072.0,0.003697982148382155,3930411.4673579866,1213.673053966108,1449.5231976325658,14121031.991460491,393.0411467357987
21880243,1739966063,2025-02-19 19:54:23,86579959410350082396924449277,1774,1.19419593428592,11222749835708731728265462,67,180,180,0,True,1.8891219610850385e-07,1.5819198556044404e-05,0,0.0,12084.0,4.2299573659290104e-05,3930411.4673579866,1213.673053966108,1449.5231976325658,14121031.991460491,393.0411467357987
21881243,1739978099,2025-02-19 23:14:59,86582462922760220533610657208,1775,1.1942649970941326,10724145016834650211070218,70,180,180,0,True,6.906280821250554e-05,0.005783205772995891,-498604818874081517195244,-4.442804358764306,12036.0,0.01549474477187723,3930411.4673579866,1213.673053966108,1449.5231976325658,14121031.991460491,393.0411467357987
21882243,1739990147,2025-02-20 02:35:47,86583309191660270173562673702,1775,1.194288343028876,10724145016834650211070218,70,180,180,0,True,2.334593474340174e-05,0.001954837058794046,0,0.0,12048.0,0.005234918869290773,5669633.301689357,1734.8931877202824,2072.012102729127,12545120.003014922,566.9633301689356
21883243,1740002207,2025-02-20 05:56:47,86585694402917589102391218993,1776,1.1943541448390436,8824944729064893099060242,72,180,180,0,True,6.580181016757614e-05,0.005509708819621725,-1899200287769757112009976,-17.709572975639666,12060.0,0.014747277923864691,5669633.301689357,1734.8931877202824,2072.012102729127,12545120.003014922,566.9633301689356
21884243,1740014303,2025-02-20 09:18:23,86585690100642824822566872214,1776,1.1943540261487768,8824944729064893099060242,72,180,180,0,True,-1.1869026672606253e-07,-9.937610819951376e-06,0,0.0,12096.0,2.6559382093825507e-05,5669633.301689357,1734.8931877202824,2072.012102729127,12545120.003014922,566.9633301689356
21885243,1740026363,2025-02-20 12:39:23,86583626108487391340681671899,1775,1.1942970858401303,22874580026365010873677646,74,180,180,0,True,-5.694030864655808e-05,-0.0047674564994906465,14049635297300117774617404,159.20366335018215,12060.0,0.012760566536209559,5669633.301689357,1734.8931877202824,2072.012102729127,12545120.003014922,566.9633301689356
21886243,1740038483,2025-02-20 16:01:23,86583714283151151795140678345,1775,1.194299518327711,22878099459715958557908738,75,180,180,0,True,2.4324875806946977e-06,0.00020367525044939387,3519433350947684231092,0.015385783463089686,12120.0,0.000543805781295841,5669633.301689357,1734.8931877202824,2072.012102729127,12545120.003014922,566.9633301689356
21887243,1740050531,2025-02-20 19:22:11,86583661515153257962280731473,1775,1.1942980626087973,22878099688477847777917594,76,180,180,0,True,-1.455718913634385e-06,-0.00012188893081634331,228761889220008856,9.99916490540727e-07,12048.0,0.00032641015322360873,5669633.301689357,1734.8931877202824,2072.012102729127,12545120.003014922,566.9633301689356
21888243,1740062675,2025-02-20 22:44:35,86583924582590488740119500771,1775,1.1943053198996627,22878099459715958557908738,77,180,180,0,True,7.257290865370081e-06,0.0006076616125054596,-228761889220008856,-9.999164805423973e-07,12144.0,0.0016208312213413204,5669633.301689357,1734.8931877202824,2072.012102729127,12545120.003014922,566.9633301689356
21889243,1740074795,2025-02-21 02:06:35,86585910430287178221461583074,1776,1.1943601045650216,9627560785991072616507456,79,180,180,0,True,5.4784665358909024e-05,0.004587157441742925,-13250538673724885941401282,-57.91800449620651,12120.0,0.012247549621419732,26078941.690675497,7861.222974470582,9384.222187192636,12369142.784264239,2607.8941690675497
21890243,1740086843,2025-02-21 05:27:23,86586420295950858804316426524,1776,1.1943741707103637,9627560785991072616507456,79,180,180,0,True,1.4066145342050973e-05,0.001177713931358564,0,0.0,12048.0,0.0031538367119451614,26078941.690675497,7861.222974470582,9384.222187192636,12369142.784264239,2607.8941690675497
21891243,1740099035,2025-02-21 08:50:35,86584837249627732149216020032,1775,1.19433049798781,22077875974422416765567484,80,180,180,0,True,-4.3672722553678156e-05,-0.0036565360859824566,12450315188431344149060028,129.3195178424386,12192.0,0.009733953293434355,26078941.690675497,7861.222974470582,9384.222187192636,12369142.784264239,2607.8941690675497
21892243,1740111083,2025-02-21 12:11:23,86584867075334151554749741471,1775,1.194331320805247,22077875974422416765567484,80,180,180,0,True,8.228174370739083e-07,6.889361348974833e-05,0,0.0,12048.0,0.00018449234712871577,26078941.690675497,7861.222974470582,9384.222187192636,12369142.784264239,2607.8941690675497
21893243,1740123155,2025-02-21 15:32:35,86584810128401072804001831051,1775,1.1943297497805234,22077875974422416765567484,80,180,180,0,True,-1.5710247236455643e-06,-0.0001315401092040642,0,0.0,12072.0,0.00035190501493243285,26078941.690675497,7861.222974470582,9384.222187192636,12369142.784264239,2607.8941690675497
21894243,1740135239,2025-02-21 18:53:59,86587035942352225657238016759,1776,1.194391155239154,9627560785991072616507456,81,180,180,0,True,6.140545863053681e-05,0.0051414158143361175,-12450315188431344149060028,-56.39272184903674,12084.0,0.01374783281093922,26078941.690675497,7861.222974470582,9384.222187192636,12369142.784264239,2607.8941690675497
21895243,1740147275,2025-02-21 22:14:35,86584360068364631975677838539,1775,1.1943173337760782,22077875974422416765567484,82,180,180,0,True,-7.382146307577386e-05,-0.00618067730591931,12450315188431344149060028,129.3195178424386,12036.0,0.016559676610459338,26078941.690675497,7861.222974470582,9384.222187192636,12369142.784264239,2607.8941690675497
21896243,1740159335,2025-02-22 01:35:35,86568904248182634624495109153,1772,1.1938909864218346,8820511780297236392329152,159,180,180,0,True,-0.000426347354243628,-0.03569799601715934,-13257364194125180373238332,-60.048186743525754,12060.0,0.09554919975357382,11861404.109225726,3636.5027582847297,4339.383862330456,12909500.114082508,1186.1404109225725
21897243,1740171395,2025-02-22 04:56:35,86564507321150090965095494787,1771,1.1937697115071277,86930252698423058148733,165,180,180,0,True,-0.00012127491470681484,-0.010157955465455292,-8733581527598813334180419,-99.01445341422702,12060.0,0.027188767554070913,11861404.109225726,3636.5027582847297,4339.383862330456,12909500.114082508,1186.1404109225725
21898243,1740183455,2025-02-22 08:17:35,86563138953430509358958613779,1770,1.1937319707961251,86930252698423058148733,4,180,180,0,True,-3.774071100259846e-05,-0.0031614733259525424,0,0.0,12060.0,0.008461994510611538,11861404.109225726,3636.5027582847297,4339.383862330456,12909500.114082508,1186.1404109225725
21899243,1740195527,2025-02-22 11:38:47,86565333627342723803462725730,1771,1.1937925020027635,327266741078360490435080,7,180,180,0,True,6.053120663840339e-05,0.005070753579468417,240336488379937432286347,276.4704817018175,12072.0,0.013565623632965535,11861404.109225726,3636.5027582847297,4339.383862330456,12909500.114082508,1186.1404109225725
21900243,1740207611,2025-02-22 15:00:11,86564052242052615377644665335,1771,1.1937571599838364,327266741078360490435080,9,180,180,0,True,-3.5342018927186913e-05,-0.002960482568611836,0,0.0,12084.0,0.00791615011559434,11861404.109225726,3636.5027582847297,4339.383862330456,12909500.114082508,1186.1404109225725
21901243,1740219719,2025-02-22 18:21:59,86562010423574518858391582136,1770,1.1937008454602407,327242709832647068034092,26,180,180,0,True,-5.6314523595668575e-05,-0.004717418708209556,-24031245713422400988,-0.00734301494684068,12108.0,0.012601582590280273,11861404.109225726,3636.5027582847297,4339.383862330456,12909500.114082508,1186.1404109225725
21902243,1740231827,2025-02-22 21:43:47,86571558260411625291177802669,1772,1.193964191688246,9541393649788428971372957,30,180,180,0,True,0.00026334622800527896,0.022061325415560357,9214150939955781903338865,2815.6932646927194,12108.0,0.058932147318495665,11861404.109225726,3636.5027582847297,4339.383862330456,12909500.114082508,1186.1404109225725
21903243,1740243875,2025-02-23 01:04:35,86571980515585177850525671345,1772,1.193975838903489,9541393649788428971372957,30,180,180,0,True,1.1647215242938103e-05,0.0009755079192508387,0,0.0,12048.0,0.002612342952398887,23410711.211220797,6977.400806671823,8347.638016697405,13171665.810521798,2341.0711211220796
21904243,1740255923,2025-02-23 04:25:23,86571976128851718205198510555,1772,1.1939757179023616,9541393649788428971372957,30,180,180,0,True,-1.2100112734003687e-07,-1.0134302839089326e-05,0,0.0,12048.0,2.7138964304362076e-05,23410711.211220797,6977.400806671823,8347.638016697405,13171665.810521798,2341.0711211220796
21905243,1740267995,2025-02-23 07:46:35,86572506685249392603538756596,1773,1.1939903525087374,8823743124195961967249773,33,180,180,0,True,1.4634606375851789e-05,0.0012257038528021846,-717650525592467004123184,-7.521443427799253,12072.0,0.0032790860159158694,23410711.211220797,6977.400806671823,8347.638016697405,13171665.810521798,2341.0711211220796
21906243,1740280091,2025-02-23 11:08:11,86572331357298865573308003657,1773,1.1939855163389765,8823743124195961967249773,33,180,180,0,True,-4.8361697608800824e-06,-0.0004050426161918836,0,0.0,12096.0,0.0010825219263090025,23410711.211220797,6977.400806671823,8347.638016697405,13171665.810521798,2341.0711211220796
21907243,1740292187,2025-02-23 14:29:47,86572534435442442188205591763,1773,1.1939911179588638,8823743124195961967249773,33,180,180,0,True,5.601619887274367e-06,0.00046915308524429777,0,0.0,12096.0,0.0012538643620943653,23410711.211220797,6977.400806671823,8347.638016697405,13171665.810521798,2341.0711211220796
21908243,1740304271,2025-02-23 17:51:11,86573302543384803963355434806,1773,1.1940123052357594,8823743124195961967249773,33,180,180,0,True,2.118727689559563e-05,0.0017744920022366188,0,0.0,12084.0,0.004744883559714157,23410711.211220797,6977.400806671823,8347.638016697405,13171665.810521798,2341.0711211220796
21909243,1740316343,2025-02-23 21:12:23,86580509679240914018710808661,1774,1.1942111140334022,8827262557546909651480865,34,180,180,0,True,0.00019880879764277992,0.016650481470835834,3519433350947684231092,0.039885945243542914,12072.0,0.04454449647397467,23410711.211220797,6977.400806671823,8347.638016697405,13171665.810521798,2341.0711211220796
21910243,1740328415,2025-02-24 00:33:35,86586512584314946347523181968,1776,1.1943767167654307,14537865107420495219495865,38,180,180,0,True,0.0001656027320284803,0.013867123667034336,5710602549873585568015000,64.69279136816067,12072.0,0.03709826904238906,107407358.0100562,33700.61927083071,40238.29225239009,11703059.27663272,10740.73580100562
21911243,1740340511,2025-02-24 03:55:11,86587103264265625793076210884,1776,1.1943930125317221,14537865107420495219495865,38,180,180,0,True,1.6295766291474223e-05,0.0013643740758448345,0,0.0,12096.0,0.003646443099434068,107407358.0100562,33700.61927083071,40238.29225239009,11703059.27663272,10740.73580100562
21912243,1740352535,2025-02-24 07:15:35,86586757331403390693525068445,1776,1.1943834688710033,14537865107420495219495865,38,180,180,0,True,-9.54366071881374e-06,-0.0007990385592246814,0,0.0,12024.0,0.0021419046073591842,107407358.0100562,33700.61927083071,40238.29225239009,11703059.27663272,10740.73580100562
21913243,1740364583,2025-02-24 10:36:23,86586853179796417032268779528,1776,1.1943861131506377,14537865107420495219495865,38,180,180,0,True,2.644279634367308e-06,0.000221392852738227,0,0.0,12048.0,0.0005928747959384592,107407358.0100562,33700.61927083071,40238.29225239009,11703059.27663272,10740.73580100562
21914243,1740376595,2025-02-24 13:56:35,86584096261570511419954343028,1775,1.1943100560518622,13725865515701160661767390,39,180,180,0,True,-7.605709877545053e-05,-0.006367882038985,-811999591719334557728475,-5.5854115148232415,12012.0,0.017078283526200125,107407358.0100562,33700.61927083071,40238.29225239009,11703059.27663272,10740.73580100562
21915243,1740388763,2025-02-24 17:19:23,86586759013604373873131519723,1776,1.1943835152797875,14537865107420495219495865,40,180,180,0,True,7.345922792523218e-05,0.006150766926309985,811999591719334557728475,5.915835258552401,12168.0,0.016389908956743308,107407358.0100562,33700.61927083071,40238.29225239009,11703059.27663272,10740.73580100562
21916243,1740400835,2025-02-24 20:40:35,86562693755599121736269139426,1770,1.1937196920011446,86930252698423058148733,133,180,180,0,True,-0.0006638232786428944,-0.05557873749516645,-14450934854722072161347132,-99.40204251410992,12072.0,0.14868800525184617,107407358.0100562,33700.61927083071,40238.29225239009,11703059.27663272,10740.73580100562
21917243,1740412907,2025-02-25 00:01:47,86568388226968432811984906620,1772,1.1938767533378967,9060962136140457950056865,137,180,180,0,True,0.00015706133675208456,0.013157304667462413,8974031883442034891908132,10323.255259103631,12072.0,0.03519931314859264,44362544.69072661,15445.481477421077,18430.815940027143,11703330.369254094,4436.254469072661
21918243,1740425003,2025-02-25 03:23:23,86569712882702970041131360473,1772,1.1939132906425591,9060962136140457950056865,137,180,180,0,True,3.6537304662465075e-05,0.0030603916660838205,0,0.0,12096.0,0.008179240774159954,44362544.69072661,15445.481477421077,18430.815940027143,11703330.369254094,4436.254469072661
21919243,1740437051,2025-02-25 06:44:11,86571982926200057413098340909,1772,1.1939759053965033,8820602773202956146950703,144,180,180,0,True,6.261475394420124e-05,0.005244497605894163,-240359362937501803106162,-2.652691395528594,12048.0,0.014044403012281003,44362544.69072661,15445.481477421077,18430.815940027143,11703330.369254094,4436.254469072661
21920243,1740449087,2025-02-25 10:04:47,86569442448888003677214255568,1772,1.1939058313589164,8823833524745484075288874,148,180,180,0,True,-7.007403758696462e-05,-0.00586896580326669,3230751542527928338171,0.03662733291133992,12036.0,0.015724518678052128,44362544.69072661,15445.481477421077,18430.815940027143,11703330.369254094,4436.254469072661
21921243,1740461159,2025-02-25 13:25:59,86568810564804041378778118778,1772,1.193888402406668,8823833524745484075288874,148,180,180,0,True,-1.742895224832175e-05,-0.0014598263774693125,0,0.0,12072.0,0.003905426460952226,44362544.69072661,15445.481477421077,18430.815940027143,11703330.369254094,4436.254469072661
21922243,1740473231,2025-02-25 16:47:11,86573030560799471365507120808,1773,1.1940048029219044,9067562128542082963936803,172,180,180,0,True,0.00011640051523631456,0.009749698129378901,243728603796598888647929,2.762162308627973,12072.0,0.02608305319621696,44362544.69072661,15445.481477421077,18430.815940027143,11703330.369254094,4436.254469072661
21923243,1740485303,2025-02-25 20:08:23,86569441472663312588773002347,1772,1.193905804432086,8823833524745484075288874,175,180,180,0,True,-9.899848981831383e-05,-0.008291297453414764,-243728603796598888647929,-2.687917660132829,12072.0,0.0221814408685546,44362544.69072661,15445.481477421077,18430.815940027143,11703330.369254094,4436.254469072661
21924243,1740497363,2025-02-25 23:29:23,86574820964798998937024519722,1773,1.194054189504909,9067562128542082963936803,4,180,180,0,True,0.0001483850728229985,0.01242854103499245,243728603796598888647929,2.762162308627973,12060.0,0.033266213303042455,44362544.69072661,15445.481477421077,18430.815940027143,11703330.369254094,4436.254469072661
21925243,1740509399,2025-02-26 02:49:59,86573491282819385183598499083,1773,1.1940175114008569,9067562128542082963936803,9,180,180,0,True,-3.667810405216798e-05,-0.0030717286011429546,0,0.0,12036.0,0.008229977032017216,2498325.836874039,842.4033279567058,1006.0080189987154,11635155.189523352,249.83258368740388
21926243,1740521483,2025-02-26 06:11:23,86576186834493948666734216048,1773,1.1940918664016955,9072721395435024623380334,10,180,180,0,True,7.435500083863289e-05,0.0062272956743655615,5159266892941659443531,0.05689805947622645,12084.0,0.016651409434099103,2498325.836874039,842.4033279567058,1006.0080189987154,11635155.189523352,249.83258368740388
21927243,1740533543,2025-02-26 09:32:23,86577372939648821993666383009,1774,1.1941245850572932,9076240828785972307611426,11,180,180,0,True,3.2718655597729907e-05,0.0027400450935425153,3519433350947684231092,0.03879137468850858,12060.0,0.007334000369400205,2498325.836874039,842.4033279567058,1006.0080189987154,11635155.189523352,249.83258368740388
21928243,1740545615,2025-02-26 12:53:35,86578477396230409699095205380,1774,1.1941550518438144,9076240828785972307611426,11,180,180,0,True,3.0466786521188283e-05,0.0025513909438290737,0,0.0,12072.0,0.006825653966835108,2498325.836874039,842.4033279567058,1006.0080189987154,11635155.189523352,249.83258368740388
21929243,1740557675,2025-02-26 16:14:35,86578311203645865455113284561,1774,1.1941504673436036,9076240828785972307611426,11,180,180,0,True,-4.584500210791376e-06,-0.0003839116372461648,0,0.0,12060.0,0.00102757728185422,2498325.836874039,842.4033279567058,1006.0080189987154,11635155.189523352,249.83258368740388
21930243,1740569747,2025-02-26 19:35:47,86579956178474599714209200975,1774,1.1941958451315124,9071081561893030648167895,14,180,180,0,True,4.5377787908806866e-05,0.003800005874448141,-5159266892941659443531,-0.05684365355950738,12072.0,0.010166033250865576,2498325.836874039,842.4033279567058,1006.0080189987154,11635155.189523352,249.83258368740388
