block,tick,liquidityGross,liquidityNet
21714243,1729,135464984101874872168,135464984101874872168
21714243,1734,4059455318117420985000,4059455318117420985000
21714243,1739,12505701497246615586966128,-12505701497246615586966128
21714243,1744,675258735919306033450677,-675258735919306033450677
21714243,1749,72387736103770716462096,-72387736103770716462096
21715243,1728,21207767597322315199911,-21207767597322315199911
21715243,1738,21457222384553403639842328,3505748755179767473441866
21715243,1743,118704167717371781652463,-118704167717371781652463
21715243,1748,135464984101874872168,-135464984101874872168
21716243,1727,21207767597322315199911,-21207767597322315199911
21716243,1733,4059455318117420985000,4059455318117420985000
21716243,1751,10032673124721074678,-10032673124721074678
21717243,1727,135464984101874872168,135464984101874872168
21717243,1734,4881737796743900467949851,4881737796743900467949851
21717243,1741,118704167717371781652463,-118704167717371781652463
21718243,1726,21207767597322315199911,-21207767597322315199911
21718243,1733,7746037413395591013171855,7746037413395591013171855
21718243,1747,72387736103770716462096,-72387736103770716462096
21719243,1732,4059455318117420985000,4059455318117420985000
21719243,1746,2020078845739440057168989,2019807915771236307424653
21720243,1732,4059455318117420985000,4059455318117420985000
21720243,1746,2020078845739440057168989,2019807915771236307424653
21721243,1732,4059455318117420985000,4059455318117420985000
21721243,1746,2020078845739440057168989,2019807915771236307424653
21722243,1738,7154272004802280849218486,7154272004802280849218486
21723243,1732,4059455318117420985000,4059455318117420985000
21723243,1746,2020078845739440057168989,2019807915771236307424653
21724243,1727,135464984101874872168,135464984101874872168
21724243,1734,4790391085293989794186236,4790391085293989794186236
21724243,1741,7318659890565566503695754,-7227292454473738758046144
21725243,1737,6210846856450870421658180,6200332952383090275613156
21726243,1735,118704167717371781652463,118704167717371781652463
21726243,1742,675258735919306033450677,-675258735919306033450677
21726243,1749,4912302255427528961543891,-4912302255427528961543891
21727243,1735,118704167717371781652463,118704167717371781652463
21727243,1742,675258735919306033450677,-675258735919306033450677
21727243,1749,4912302255427528961543891,-4912302255427528961543891
21728243,1736,1970419946725569731401262,-1825644474518028298477070
21728243,1743,2970458605035665680875,-2970458605035665680875
21728243,1750,10032673124721074678,-10032673124721074678
21728243,1757,131474532384059835959,-131474532384059835959
21729243,1732,4059455318117420985000,4059455318117420985000
21729243,1739,4136455221069589833532214,4136455221069589833532214
21729243,1746,2019943380755338182296821,2019943380755338182296821
21729243,1753,668909575488042514349759,-668909575488042514349759
21730243,1738,2499318911155761954204,2499318911155761954204
21730243,1745,303470822541263550288,303470822541263550288
21731243,1738,2499318911155761954204,2499318911155761954204
21731243,1745,303470822541263550288,303470822541263550288
21732243,1738,2499318911155761954204,2499318911155761954204
21732243,1745,303470822541263550288,303470822541263550288
21733243,1732,4059455318117420985000,4059455318117420985000
21733243,1739,4136455221069589833532214,4136455221069589833532214
21733243,1746,2066474238566642198933433,819486167390299064022741
21733243,1753,1101918088088844054679435,-1101918088088844054679435
21734243,1738,2499318911155761954204,2499318911155761954204
21734243,1745,303470822541263550288,303470822541263550288
21735243,1738,2499318911155761954204,2499318911155761954204
21735243,1745,303470822541263550288,303470822541263550288
21736243,1738,2499318911155761954204,2499318911155761954204
21736243,1745,712344447889001738162322,-712344447889001738162322
21737243,1738,2499318911155761954204,2499318911155761954204
21737243,1745,712344447889001738162322,-712344447889001738162322
21738243,1732,4059455318117420985000,4059455318117420985000
21738243,1746,5578270022894521266544965,-2692309616937580003588791
21738243,1753,1101918088088844054679435,-1101918088088844054679435
21739243,1732,4059455318117420985000,4059455318117420985000
21739243,1746,5578270022894521266544965,-2692309616937580003588791
21739243,1753,1101918088088844054679435,-1101918088088844054679435
21740243,1738,2499318911155761954204,2499318911155761954204
21740243,1745,712344447889001738162322,-712344447889001738162322
21741243,1738,2499318911155761954204,2499318911155761954204
21741243,1745,712344447889001738162322,-712344447889001738162322
21742243,1738,2499318911155761954204,2499318911155761954204
21742243,1745,712344447889001738162322,-712344447889001738162322
21743243,1737,5388426566274132858471,-5125477501506013186553
21743243,1744,8456955071302970629712400,8456955071302970629712400
21743243,1751,2984962556088481663663,-2984962556088481663663
21744243,1742,4059455318117420985000,-4059455318117420985000
21744243,1749,3902330565049859870395481,-3902330565049859870395481
21745243,1736,72387736103770716462096,72387736103770716462096
21745243,1743,4147102742378161440788142,4141161825168090109426392
21745243,1750,10032673124721074678,-10032673124721074678
21745243,1757,131474532384059835959,-131474532384059835959
21746243,1738,2499318911155761954204,2499318911155761954204
21746243,1745,2277810357878351978934705,853121462100348502610061
21746243,1752,1565465909989350240772383,-1565465909989350240772383
21747243,1732,4059455318117420985000,4059455318117420985000
21747243,1746,5587112486751596406585354,-2701152080794655143629180
21747243,1753,1101918088088844054679435,-1101918088088844054679435
21748243,1738,2499318911155761954204,2499318911155761954204
21748243,1745,2277810357878351978934705,853121462100348502610061
21748243,1752,1565465909989350240772383,-1565465909989350240772383
21749243,1738,2499318911155761954204,2499318911155761954204
21749243,1745,2277810357878351978934705,853121462100348502610061
21749243,1752,1565465909989350240772383,-1565465909989350240772383
21750243,1738,2499318911155761954204,2499318911155761954204
21750243,1745,2277810357878351978934705,853121462100348502610061
21750243,1752,1565465909989350240772383,-1565465909989350240772383
21751243,1747,7194196806465361070486451,-7188226881353184107159125
21751243,1768,2384817494895981386889,-2384817494895981386889
21752243,1734,2892358874672190779247070,2892358874672190779247070
21752243,1748,6203582872616999581848831,-6203582872616999581848831
21752243,1755,92645579990669015888996,-92645579990669015888996
21753243,1734,2892358874672190779247070,2892358874672190779247070
21753243,1748,6203582872616999581848831,-6203582872616999581848831
21753243,1755,92645579990669015888996,-92645579990669015888996
21754243,1734,2892358874672190779247070,2892358874672190779247070
21754243,1748,6203582872616999581848831,-6203582872616999581848831
21754243,1755,92645579990669015888996,-92645579990669015888996
21755243,1734,2892358874672190779247070,2892358874672190779247070
21755243,1748,6203582872616999581848831,-6203582872616999581848831
21755243,1755,92645579990669015888996,-92645579990669015888996
21756243,1732,4059455318117420985000,4059455318117420985000
21756243,1746,7646563075595470213326918,7646563075595470213326918
21756243,1753,1234760359871618954712849,-1234760359871618954712849
21757243,1732,4059455318117420985000,4059455318117420985000
21757243,1746,7646563075595470213326918,7646563075595470213326918
21757243,1753,1234760359871618954712849,-1234760359871618954712849
21758243,1737,5388426566274132858471,-5125477501506013186553
21758243,1744,671294392982938495736648,671294392982938495736648
21758243,1751,2984962556088481663663,-2984962556088481663663
21758243,1758,671111399837975984081770,-671111399837975984081770
21759243,1738,2499318911155761954204,2499318911155761954204
21759243,1745,2277884687324146113445195,2277884687324146113445195
21759243,1752,2293903363619109795886855,-837028456359590685657911
21760243,1737,5388426566274132858471,-5125477501506013186553
21760243,1744,7043415607447795955566677,7043415607447795955566677
21760243,1751,114140205775252676777237,-114140205775252676777237
21761243,1723,2970458605035665680875,2970458605035665680875
21761243,1737,5388426566274132858471,-5125477501506013186553
21761243,1744,7043415607447795955566677,7043415607447795955566677
21761243,1751,114140205775252676777237,-114140205775252676777237
21761243,1758,131474532384059835959,-131474532384059835959
21762243,1742,4059455318117420985000,-4059455318117420985000
21762243,1749,3902330565049859870395481,-3902330565049859870395481
21763243,1699,3045045225508899020,3045045225508899020
21764243,1723,2970458605035665680875,2970458605035665680875
21764243,1737,5388426566274132858471,-5125477501506013186553
21764243,1744,6374506031959753441216918,6374506031959753441216918
21764243,1751,10032673124721074678,-10032673124721074678
21765243,1723,2970458605035665680875,2970458605035665680875
21765243,1737,5388426566274132858471,-5125477501506013186553
21765243,1744,2970458605035665680875,-2970458605035665680875
21766243,1729,727600273886986519073748,727600273886986519073748
21766243,1743,2970458605035665680875,-2970458605035665680875
21766243,1750,1086030828130233781039,-1086030828130233781039
21766243,1757,131474532384059835959,-131474532384059835959
21767243,1731,1028642826516173454282535,-426557721257799583864961
21767243,1738,2499318911155761954204,2499318911155761954204
21767243,1745,2277884687324146113445195,2277884687324146113445195
21767243,1752,1565465909989350240772383,-1565465909989350240772383
21768243,1734,2892358874672190779247070,2892358874672190779247070
21768243,1748,6203582872616999581848831,-6203582872616999581848831
21769243,1742,4059455318117420985000,-4059455318117420985000
21769243,1749,6203582872616999581848831,-6203582872616999581848831
21770243,1734,2892358874672190779247070,2892358874672190779247070
21770243,1748,6203582872616999581848831,-6203582872616999581848831
21771243,1729,727600273886986519073748,727600273886986519073748
21771243,1743,2970458605035665680875,-2970458605035665680875
21771243,1750,3976834773814422215458900,-3976834773814422215458900
21772243,1731,1028642826516173454282535,-426557721257799583864961
21772243,1745,1565465909989350240772383,1565465909989350240772383
21772243,1752,415182758404439611986024,-415182758404439611986024
21773243,1723,2970458605035665680875,2970458605035665680875
21773243,1737,5388426566274132858471,-5125477501506013186553
21773243,1744,6374506031959753441216918,6374506031959753441216918
21773243,1751,415182758404439611986024,-415182758404439611986024
21773243,1758,131474532384059835959,-131474532384059835959
21774243,1731,301042552629186935208787,301042552629186935208787
21774243,1745,1565465909989350240772383,1565465909989350240772383
21774243,1752,4393137130655315659631466,-4393137130655315659631466
21775243,1732,733740205149474779291164,733740205149474779291164
21775243,1746,10659893748245162172362994,10659893748245162172362994
21775243,1753,565850784383576440363090,-565850784383576440363090
21776243,1727,441936387669343526609643,-441936387669343526609643
21776243,1734,3797137814756617004132761,2337776315093902287520433
21776243,1741,175098190253068866579527,-175098190253068866579527
21776243,1748,7349961613707227303301097,-5057204131526771860396565
21777243,1731,301042552629186935208787,301042552629186935208787
21778243,1742,4059455318117420985000,-4059455318117420985000
21778243,1749,3976834773814422215458900,-3976834773814422215458900
21778243,1756,1146378741090227721452266,-1146378741090227721452266
21779243,1742,4059455318117420985000,-4059455318117420985000
21779243,1749,3976834773814422215458900,-3976834773814422215458900
21779243,1756,1146378741090227721452266,-1146378741090227721452266
21780243,1737,5388426566274132858471,-5125477501506013186553
21780243,1744,7892562010616202084733316,7892562010616202084733316
21780243,1751,415182758404439611986024,-415182758404439611986024
21781243,1742,4059455318117420985000,-4059455318117420985000
21781243,1749,3976834773814422215458900,-3976834773814422215458900
21781243,1756,1146378741090227721452266,-1146378741090227721452266
21782243,1734,3622001188919937252739250,2162716560424444305754890
21782243,1748,7461363281555683466130754,-5168605799375228023226222
21783243,1747,135827234338863381697077,135827234338863381697077
21783243,1768,2384817494895981386889,-2384817494895981386889
21784243,1747,135827234338863381697077,135827234338863381697077
21784243,1768,2384817494895981386889,-2384817494895981386889
21785243,1734,3622001188919937252739250,2162716560424444305754890
21785243,1748,6314984540465455744678488,-6314984540465455744678488
21786243,1734,2892358874672190779247070,2892358874672190779247070
21786243,1748,6203582872616999581848831,-6203582872616999581848831
21787243,1737,5388426566274132858471,-5125477501506013186553
21787243,1744,2384817494895981386889,2384817494895981386889
21787243,1751,415182758404439611986024,-415182758404439611986024
21792243,1732,4059455318117420985000,4059455318117420985000
21792243,1746,501755666182311664617657,501755666182311664617657
21792243,1753,7659188613216969842352471,-7515816279558769908737573
21792243,1760,3904615976845277960626622,-3904615976845277960626622
21793243,1742,4059455318117420985000,-4059455318117420985000
21793243,1749,4122455832533300150806056,3973447415004175460679218
21794243,1747,601899715552704389708343,601899715552704389708343
21794243,1754,143335646923459845116015,-143335646923459845116015
21794243,1768,2384817494895981386889,-2384817494895981386889
21795243,1737,5388426566274132858471,-5125477501506013186553
21795243,1744,2384817494895981386889,2384817494895981386889
21795243,1751,13833936617379748338435841,13605656205829242984881367
21795243,1758,1310842195359624859516448,-1310842195359624859516448
21796243,1737,5388426566274132858471,-5125477501506013186553
21796243,1744,2384817494895981386889,2384817494895981386889
21796243,1751,13833936617379748338435841,13605656205829242984881367
21796243,1758,1310842195359624859516448,-1310842195359624859516448
21797243,1752,12408954216244870802142156,-12408954216244870802142156
21798243,1752,12408954216244870802142156,-12408954216244870802142156
21799243,1737,5256952033890073022512,-5256952033890073022512
21799243,1744,2384817494895981386889,2384817494895981386889
21799243,1751,13833936617379748338435841,13605656205829242984881367
21799243,1758,1310842195359624859516448,-1310842195359624859516448
21800243,1743,15771854103405344745004,9830936893334013383254
21800243,1750,10031616853021191365367796,9097299828937248881783186
21800243,1757,2425894380572710272504547,-2425894380572710272504547
21800243,1764,12801395498369679064129,-12801395498369679064129
21801243,1737,5256952033890073022512,-5256952033890073022512
21801243,1744,2384817494895981386889,2384817494895981386889
21801243,1751,13833936617379748338435841,13605656205829242984881367
21801243,1758,1310842195359624859516448,-1310842195359624859516448
21802243,1746,185659451983726540176993,185659451983726540176993
21802243,1753,160439406046087098485042,160439406046087098485042
21802243,1760,3904615976845277960626622,-3904615976845277960626622
21802243,1767,2525038629186485137490,-2525038629186485137490
21803243,1747,469057443769929489674929,469057443769929489674929
21803243,1754,167919551926953952455675,-118751741919965737776355
21804243,1748,140221134290503750601,140221134290503750601
21804243,1755,1095425363381059468806048,1095425363381059468806048
21804243,1762,88753239216987131677593,-88753239216987131677593
21804243,1776,3116534278867979742624,-3116534278867979742624
21805243,1748,140221134290503750601,140221134290503750601
21805243,1755,1095425363381059468806048,1095425363381059468806048
21805243,1762,88753239216987131677593,-88753239216987131677593
21805243,1776,3116534278867979742624,-3116534278867979742624
21806243,1747,469057443769929489674929,469057443769929489674929
21806243,1754,167919551926953952455675,-118751741919965737776355
21807243,1747,466072481213841008011266,466072481213841008011266
21807243,1754,167919551926953952455675,-118751741919965737776355
21808243,1747,466072481213841008011266,466072481213841008011266
21808243,1754,167919551926953952455675,-118751741919965737776355
21809243,1748,140221134290503750601,140221134290503750601
21809243,1755,1095425363381059468806048,1095425363381059468806048
21809243,1762,88753239216987131677593,-88753239216987131677593
21809243,1776,3116534278867979742624,-3116534278867979742624
21810243,1748,140221134290503750601,140221134290503750601
21810243,1755,1095425363381059468806048,1095425363381059468806048
21810243,1762,88753239216987131677593,-88753239216987131677593
21810243,1776,3116534278867979742624,-3116534278867979742624
21811243,1743,15771854103405344745004,9830936893334013383254
21811243,1750,2895047654023670533335168,1960730629939728049750558
21811243,1757,3521319743953769741310595,-3521319743953769741310595
21811243,1764,12801395498369679064129,-12801395498369679064129
21812243,1748,140221134290503750601,140221134290503750601
21812243,1755,1095425363381059468806048,1095425363381059468806048
21812243,1762,88753239216987131677593,-88753239216987131677593
21812243,1776,3116534278867979742624,-3116534278867979742624
21813243,1748,140221134290503750601,140221134290503750601
21813243,1755,1095425363381059468806048,1095425363381059468806048
21813243,1762,88753239216987131677593,-88753239216987131677593
21813243,1776,3116534278867979742624,-3116534278867979742624
21814243,1748,140221134290503750601,140221134290503750601
21814243,1755,1095425363381059468806048,1095425363381059468806048
21814243,1762,88753239216987131677593,-88753239216987131677593
21814243,1776,3116534278867979742624,-3116534278867979742624
21815243,1748,140221134290503750601,140221134290503750601
21815243,1755,1095425363381059468806048,1095425363381059468806048
21815243,1762,88753239216987131677593,-88753239216987131677593
21815243,1776,3116534278867979742624,-3116534278867979742624
21816243,1748,140221134290503750601,140221134290503750601
21816243,1755,1095425363381059468806048,1095425363381059468806048
21816243,1762,88753239216987131677593,-88753239216987131677593
21816243,1776,3116534278867979742624,-3116534278867979742624
21817243,1754,649042410673549795180164,362371116826630104948134
21818243,1748,140221134290503750601,140221134290503750601
21818243,1755,1095425363381059468806048,1095425363381059468806048
21818243,1762,88753239216987131677593,-88753239216987131677593
21818243,1776,3116534278867979742624,-3116534278867979742624
21819243,1748,140221134290503750601,140221134290503750601
21819243,1755,1095425363381059468806048,1095425363381059468806048
21819243,1762,88753239216987131677593,-88753239216987131677593
21819243,1776,3116534278867979742624,-3116534278867979742624
21820243,1748,140221134290503750601,140221134290503750601
21820243,1755,13509844771529137676201960,-11318994044767018738589864
21820243,1762,88753239216987131677593,-88753239216987131677593
21820243,1776,3116534278867979742624,-3116534278867979742624
21821243,1743,15771854103405344745004,9830936893334013383254
21821243,1750,2426980411400840506285586,2424808349744580038723508
21821243,1757,4002442602700365584035084,-4002442602700365584035084
21821243,1764,12801395498369679064129,-12801395498369679064129
21822243,1743,15771854103405344745004,9830936893334013383254
21822243,1750,2426980411400840506285586,2424808349744580038723508
21822243,1757,8860955187601103465560048,-8860955187601103465560048
21822243,1764,12801395498369679064129,-12801395498369679064129
21823243,1743,15771854103405344745004,9830936893334013383254
21823243,1750,1086030828130233781039,-1086030828130233781039
21823243,1757,4858512584900737881524964,-4858512584900737881524964
21823243,1764,12801395498369679064129,-12801395498369679064129
21824243,1744,2384817494895981386889,2384817494895981386889
21824243,1751,1310842195359624859516448,1310842195359624859516448
21824243,1758,1310842195359624859516448,-1310842195359624859516448
21825243,1759,488203062903001372893461,-488203062903001372893461
21826243,1743,15771854103405344745004,9830936893334013383254
21826243,1750,1086030828130233781039,-1086030828130233781039
21826243,1757,4858512584900737881524964,-4858512584900737881524964
21826243,1764,12801395498369679064129,-12801395498369679064129
21827243,1748,140221134290503750601,140221134290503750601
21827243,1755,1992213025618340640265,1992213025618340640265
21827243,1762,88753239216987131677593,-88753239216987131677593
21827243,1776,3116534278867979742624,-3116534278867979742624
21828243,1743,15771854103405344745004,9830936893334013383254
21828243,1750,1086030828130233781039,-1086030828130233781039
21828243,1757,6208575640379899909378851,-6208575640379899909378851
21828243,1764,12801395498369679064129,-12801395498369679064129
21829243,1743,15771854103405344745004,9830936893334013383254
21829243,1750,1086030828130233781039,-1086030828130233781039
21829243,1757,6208575640379899909378851,-6208575640379899909378851
21829243,1764,12801395498369679064129,-12801395498369679064129
21830243,1744,2384817494895981386889,2384817494895981386889
21830243,1758,6448674319533789330214675,-5967856150222409781127027
21831243,1754,24583905003494107339660,24583905003494107339660
21831243,1761,649242212512601012616913,-649242212512601012616913
21831243,1775,3116534278867979742624,-3116534278867979742624
21832243,1754,24583905003494107339660,24583905003494107339660
21832243,1761,1135613482321915156965476,-1135613482321915156965476
21832243,1775,3116534278867979742624,-3116534278867979742624
21833243,1754,24583905003494107339660,24583905003494107339660
21833243,1761,728772567490622259532652,-728772567490622259532652
21833243,1775,3116534278867979742624,-3116534278867979742624
21834243,1754,24583905003494107339660,24583905003494107339660
21834243,1761,4867098758014134726342495,-4867098758014134726342495
21834243,1775,3116534278867979742624,-3116534278867979742624
21835243,1748,140221134290503750601,140221134290503750601
21835243,1762,999091827907841924835625,-465952094540034059754263
21835243,1776,180678209971472917840,-180678209971472917840
21836243,1748,140221134290503750601,140221134290503750601
21836243,1762,5137211117639258316697935,-4604071384271450451616573
21836243,1776,180678209971472917840,-180678209971472917840
21837243,1748,140221134290503750601,140221134290503750601
21837243,1762,5137211117639258316697935,-4604071384271450451616573
21837243,1776,180678209971472917840,-180678209971472917840
21838243,1750,1115612310674439894378,-1056449345586027667700
21838243,1757,433499170994654915857468,433499170994654915857468
21838243,1764,6208399562201371738970972,-6208399562201371738970972
21839243,1750,1115612310674439894378,-1056449345586027667700
21839243,1764,6208399562201371738970972,-6208399562201371738970972
21840243,1756,119674892246994279129427,119674892246994279129427
21840243,1763,119674892246994279129427,-119674892246994279129427
21840243,1770,1098394878455757615569920,-1098394878455757615569920
21841243,1756,119674892246994279129427,119674892246994279129427
21841243,1763,119674892246994279129427,-119674892246994279129427
21841243,1770,1098394878455757615569920,-1098394878455757615569920
21842243,1756,119674892246994279129427,119674892246994279129427
21842243,1763,119674892246994279129427,-119674892246994279129427
21842243,1770,1098394878455757615569920,-1098394878455757615569920
21843243,1756,119674892246994279129427,119674892246994279129427
21843243,1763,841027093979354097576201,-841027093979354097576201
21843243,1770,1098394878455757615569920,-1098394878455757615569920
21844243,1750,1086030828130233781039,-1086030828130233781039
21844243,1764,6206403127741476877235632,-6206403127741476877235632
21845243,1765,6244710804272943491574164,-6244710804272943491574164
21845243,1779,8413809823020950975743,-8413809823020950975743
21845243,1786,440055476636792861866,-440055476636792861866
21846243,1758,131684745191850191198,131684745191850191198
21846243,1765,6777944120793200100734732,-5178337754384879017332234
21846243,1779,8413809823020950975743,-8413809823020950975743
21846243,1786,440055476636792861866,-440055476636792861866
21847243,1758,131684745191850191198,131684745191850191198
21847243,1765,6777944120793200100734732,-5178337754384879017332234
21847243,1779,8413809823020950975743,-8413809823020950975743
21847243,1786,440055476636792861866,-440055476636792861866
21848243,1758,131684745191850191198,131684745191850191198
21848243,1765,6777944120793200100734732,-5178337754384879017332234
21848243,1779,8413809823020950975743,-8413809823020950975743
21848243,1786,440055476636792861866,-440055476636792861866
21849243,1758,131684745191850191198,131684745191850191198
21849243,1765,799803183204160541701249,799803183204160541701249
21849243,1779,8413809823020950975743,-8413809823020950975743
21849243,1786,440055476636792861866,-440055476636792861866
21850243,1758,131684745191850191198,131684745191850191198
21850243,1765,1521083256929147861416051,78523109479173221986447
21850243,1779,8413809823020950975743,-8413809823020950975743
21850243,1786,440055476636792861866,-440055476636792861866
21851243,1758,131684745191850191198,131684745191850191198
21851243,1765,1521083256929147861416051,78523109479173221986447
21851243,1779,8413809823020950975743,-8413809823020950975743
21851243,1786,440055476636792861866,-440055476636792861866
21852243,1766,5917259999641564338945290,-3977530905027969994066864
21853243,1766,5917259999641564338945290,-3977530905027969994066864
21854243,1766,5917259999641564338945290,-3977530905027969994066864
21855243,1766,5917259999641564338945290,-3977530905027969994066864
21856243,1766,5917259999641564338945290,-3977530905027969994066864
21857243,1766,5917259999641564338945290,-3977530905027969994066864
21858243,1766,5428912404369525378877732,-3489183309755931033999306
21859243,1766,5428912404369525378877732,-3489183309755931033999306
21860243,1766,5428912404369525378877732,-3489183309755931033999306
21861243,1766,4629052180130128885347658,-2846555509143575594498966
21862243,1766,4629052180130128885347658,-2846555509143575594498966
21863243,1753,71686166829099966807449,71686166829099966807449
21863243,1760,7313544821224216028440433,7313544821224216028440433
21863243,1767,14733398625688825110950696,-13127268070435912056423326
21863243,1774,170040382563582295144572,-170040382563582295144572
21863243,1788,961969664426251478864,-961969664426251478864
21864243,1753,71686166829099966807449,71686166829099966807449
21864243,1760,7313544821224216028440433,7313544821224216028440433
21864243,1767,14733398625688825110950696,-13127268070435912056423326
21864243,1774,170040382563582295144572,-170040382563582295144572
21864243,1788,961969664426251478864,-961969664426251478864
21865243,1753,71686166829099966807449,71686166829099966807449
21865243,1760,7313544821224216028440433,7313544821224216028440433
21865243,1767,8760988604594792788977116,-7154858049341879734449746
21865243,1774,170040382563582295144572,-170040382563582295144572
21865243,1788,961969664426251478864,-961969664426251478864
21866243,1753,71686166829099966807449,71686166829099966807449
21866243,1760,7313544821224216028440433,7313544821224216028440433
21866243,1767,8760988604594792788977116,-7154858049341879734449746
21866243,1774,170040382563582295144572,-170040382563582295144572
21866243,1788,961969664426251478864,-961969664426251478864
21867243,1753,71686166829099966807449,71686166829099966807449
21867243,1760,1098394878455757615569920,1098394878455757615569920
21867243,1767,2545838661826334376106603,-939708106573421321579233
21867243,1774,170040382563582295144572,-170040382563582295144572
21867243,1788,961969664426251478864,-961969664426251478864
21868243,1753,71686166829099966807449,71686166829099966807449
21868243,1760,1098394878455757615569920,1098394878455757615569920
21868243,1767,2545838661826334376106603,-939708106573421321579233
21868243,1774,170040382563582295144572,-170040382563582295144572
21868243,1788,961969664426251478864,-961969664426251478864
21869243,1753,71686166829099966807449,71686166829099966807449
21869243,1760,1098394878455757615569920,1098394878455757615569920
21869243,1767,2545838661826334376106603,-939708106573421321579233
21869243,1774,170040382563582295144572,-170040382563582295144572
21869243,1788,961969664426251478864,-961969664426251478864
21870243,1753,71686166829099966807449,71686166829099966807449
21870243,1760,1098394878455757615569920,1098394878455757615569920
21870243,1767,2545838661826334376106603,-939708106573421321579233
21870243,1774,170040382563582295144572,-170040382563582295144572
21870243,1788,961969664426251478864,-961969664426251478864
21871243,1753,71686166829099966807449,71686166829099966807449
21871243,1760,1098394878455757615569920,1098394878455757615569920
21871243,1767,2545838661826334376106603,-939708106573421321579233
21871243,1774,170040382563582295144572,-170040382563582295144572
21871243,1788,961969664426251478864,-961969664426251478864
21872243,1753,71686166829099966807449,71686166829099966807449
21872243,1760,1098394878455757615569920,1098394878455757615569920
21872243,1767,2545838661826334376106603,-939708106573421321579233
21872243,1774,170040382563582295144572,-170040382563582295144572
21872243,1788,961969664426251478864,-961969664426251478864
21873243,1753,71686166829099966807449,71686166829099966807449
21873243,1760,1098394878455757615569920,1098394878455757615569920
21873243,1767,2545838661826334376106603,-939708106573421321579233
21873243,1774,170040382563582295144572,-170040382563582295144572
21873243,1788,961969664426251478864,-961969664426251478864
21874243,1754,8384938835089409584145,8384938835089409584145
21874243,1768,15527852673161752882849274,-14530649273316059394359110
21874243,1775,3116534278867979742624,-3116534278867979742624
21875243,1754,8384938835089409584145,8384938835089409584145
21875243,1768,15528253013426726565329365,-12930581065595623807192891
21875243,1775,3116534278867979742624,-3116534278867979742624
21875243,1789,165566599444432923760849,-165566599444432923760849
21876243,1754,8384938835089409584145,8384938835089409584145
21876243,1768,16249424908663078896611444,-13651752960831976138474970
21876243,1775,3116534278867979742624,-3116534278867979742624
21876243,1789,165566599444432923760849,-165566599444432923760849
21877243,1754,8384938835089409584145,8384938835089409584145
21877243,1768,16249424908663078896611444,-13651752960831976138474970
21877243,1775,3116534278867979742624,-3116534278867979742624
21878243,1754,8384938835089409584145,8384938835089409584145
21878243,1768,16249424908663078896611444,-13651752960831976138474970
21878243,1775,3116534278867979742624,-3116534278867979742624
21879243,1754,8384938835089409584145,8384938835089409584145
21879243,1768,16249424908663078896611444,-13651752960831976138474970
21879243,1775,3116534278867979742624,-3116534278867979742624
21880243,1754,8384938835089409584145,8384938835089409584145
21880243,1768,16249424908663078896611444,-13651752960831976138474970
21880243,1775,3116534278867979742624,-3116534278867979742624
21881243,1769,16248666646577215532783162,-14648219675990131948100654
21881243,1776,151096727427266804501,-151096727427266804501
21882243,1769,16248666646577215532783162,-14648219675990131948100654
21882243,1776,151096727427266804501,-151096727427266804501
21883243,1770,2619718149007125956538390,-2619718149007125956538390
21883243,1784,3231343898725574920621,-3231343898725574920621
21884243,1770,14050889590031268218892138,-14050889590031268218892138
21884243,1784,3231343898725574920621,-3231343898725574920621
21885243,1769,14050889590031268218892138,14050889590031268218892138
21885243,1776,151096727427266804501,-151096727427266804501
21886243,1769,14050889590031268218892138,14050889590031268218892138
21886243,1776,151096727427266804501,-151096727427266804501
21887243,1769,14050889590031268218892138,14050889590031268218892138
21887243,1776,151096727427266804501,-151096727427266804501
21888243,1769,14050889590031268218892138,14050889590031268218892138
21888243,1776,151096727427266804501,-151096727427266804501
21889243,1770,14051017021044108704041740,-12450315188431344149060028
21889243,1784,3231343898725574920621,-3231343898725574920621
21890243,1770,14051017021044108704041740,-12450315188431344149060028
21890243,1784,3231343898725574920621,-3231343898725574920621
21891243,1769,13250666104737726426550884,13250666104737726426550884
21891243,1776,151096727427266804501,-151096727427266804501
21892243,1769,13250666104737726426550884,13250666104737726426550884
21892243,1776,151096727427266804501,-151096727427266804501
21893243,1769,13250666104737726426550884,13250666104737726426550884
21893243,1776,151096727427266804501,-151096727427266804501
21894243,1770,14051017021044108704041740,-12450315188431344149060028
21894243,1784,3231343898725574920621,-3231343898725574920621
21895243,1769,13250666104737726426550884,13250666104737726426550884
21895243,1776,151096727427266804501,-151096727427266804501
21896243,1766,8733581527598813334180419,8733581527598813334180419
21897243,1758,131684745191850191198,131684745191850191198
21897243,1772,732422426138679481649926,-732422426138679481649926
21897243,1779,8384938835089409584145,-8384938835089409584145
21897243,1786,440055476636792861866,-440055476636792861866
21898243,1750,1075998155005512706361,-1075998155005512706361
21898243,1771,9363892061341613316526703,-9363892061341613316526703
21898243,1778,131684745191850191198,-131684745191850191198
21898243,1785,3231343898725574920621,-3231343898725574920621
21899243,1758,131684745191850191198,131684745191850191198
21899243,1765,240336488379937432286347,240336488379937432286347
21899243,1772,732422426138679481649926,-732422426138679481649926
21899243,1779,8384938835089409584145,-8384938835089409584145
21899243,1786,440055476636792861866,-440055476636792861866
21900243,1758,131684745191850191198,131684745191850191198
21900243,1765,240336488379937432286347,240336488379937432286347
21900243,1772,732422426138679481649926,-732422426138679481649926
21900243,1779,8384938835089409584145,-8384938835089409584145
21900243,1786,440055476636792861866,-440055476636792861866
21901243,1750,1075998155005512706361,-1075998155005512706361
21901243,1771,9363892061341613316526703,-9363892061341613316526703
21901243,1778,131684745191850191198,-131684745191850191198
21901243,1785,3231343898725574920621,-3231343898725574920621
21902243,1766,9454463397090005913224224,9454463397090005913224224
21903243,1766,9454463397090005913224224,9454463397090005913224224
21904243,1766,9454463397090005913224224,9454463397090005913224224
21905243,1753,71686166829099966807449,71686166829099966807449
21905243,1767,724113213389918153964426,-717650525592467004123184
21905243,1774,170040382563582295144572,-170040382563582295144572
21905243,1788,961969664426251478864,-961969664426251478864
21906243,1753,71686166829099966807449,71686166829099966807449
21906243,1767,724113213389918153964426,-717650525592467004123184
21906243,1774,170040382563582295144572,-170040382563582295144572
21906243,1788,961969664426251478864,-961969664426251478864
21907243,1753,71686166829099966807449,71686166829099966807449
21907243,1767,724113213389918153964426,-717650525592467004123184
21907243,1774,170040382563582295144572,-170040382563582295144572
21907243,1788,961969664426251478864,-961969664426251478864
21908243,1753,71686166829099966807449,71686166829099966807449
21908243,1767,724113213389918153964426,-717650525592467004123184
21908243,1774,170040382563582295144572,-170040382563582295144572
21908243,1788,961969664426251478864,-961969664426251478864
21909243,1754,8384938835089409584145,8384938835089409584145
21909243,1768,724365261451747458363540,-717326394749852089901356
21909243,1775,3116534278867979742624,-3116534278867979742624
21910243,1770,1532773342445061759140782,1532773342445061759140782
21910243,1784,3231343898725574920621,-3231343898725574920621
21911243,1770,2253547093170788960553089,811999591719334557728475
21911243,1784,3231343898725574920621,-3231343898725574920621
21912243,1770,2253547093170788960553089,811999591719334557728475
21912243,1784,3231343898725574920621,-3231343898725574920621
21913243,1770,2253547093170788960553089,811999591719334557728475
21913243,1784,3231343898725574920621,-3231343898725574920621
21914243,1769,4898602958154251010286525,4898602958154251010286525
21914243,1776,151096727427266804501,-151096727427266804501
21915243,1770,2253547093170788960553089,811999591719334557728475
21915243,1784,3231343898725574920621,-3231343898725574920621
21916243,1750,1075998155005512706361,-1075998155005512706361
21916243,1771,9363892061341613316526703,-9363892061341613316526703
21916243,1778,131684745191850191198,-131684745191850191198
21916243,1785,3231343898725574920621,-3231343898725574920621
21917243,1766,8733581527598813334180419,8733581527598813334180419
21918243,1766,8733581527598813334180419,8733581527598813334180419
21919243,1766,8733581527598813334180419,8733581527598813334180419
21920243,1766,8733581527598813334180419,8733581527598813334180419
21921243,1766,8733581527598813334180419,8733581527598813334180419
21922243,1753,71686166829099966807449,71686166829099966807449
21922243,1767,243728603796598888647929,243728603796598888647929
21922243,1774,170040382563582295144572,-170040382563582295144572
21922243,1788,961969664426251478864,-961969664426251478864
21923243,1766,8733581527598813334180419,8733581527598813334180419
21924243,1753,71686166829099966807449,71686166829099966807449
21924243,1767,243728603796598888647929,243728603796598888647929
21924243,1774,170040382563582295144572,-170040382563582295144572
21924243,1788,961969664426251478864,-961969664426251478864
21925243,1753,71686166829099966807449,71686166829099966807449
21925243,1767,243728603796598888647929,243728603796598888647929
21925243,1774,170040382563582295144572,-170040382563582295144572
21925243,1788,961969664426251478864,-961969664426251478864
21926243,1753,71686166829099966807449,71686166829099966807449
21926243,1767,243728603796598888647929,243728603796598888647929
21926243,1774,170040382563582295144572,-170040382563582295144572
21926243,1788,961969664426251478864,-961969664426251478864
21927243,1754,8384938835089409584145,8384938835089409584145
21927243,1768,3519433350947684231092,3519433350947684231092
21927243,1775,3116534278867979742624,-3116534278867979742624
21928243,1754,8384938835089409584145,8384938835089409584145
21928243,1768,3519433350947684231092,3519433350947684231092
21928243,1775,3116534278867979742624,-3116534278867979742624
21929243,1754,8384938835089409584145,8384938835089409584145
21929243,1768,3519433350947684231092,3519433350947684231092
21929243,1775,3116534278867979742624,-3116534278867979742624
21930243,1754,8384938835089409584145,8384938835089409584145
21930243,1768,3519433350947684231092,3519433350947684231092
21930243,1775,3116534278867979742624,-3116534278867979742624
